country,year,precip_mm_yr
Austria,1950,947.275
Austria,1951,956.0943359375
Austria,1952,1070.11748046875
Austria,1953,821.54501953125
Austria,1954,1154.9494140625
Austria,1955,1010.754296875
Austria,1956,1019.6556640625
Austria,1957,997.3287109375
Austria,1958,1148.744921875
Austria,1959,994.4931640625
Austria,1960,1085.3869140625
Austria,1961,975.7181640625
Austria,1962,1042.060546875
Austria,1963,904.79375
Austria,1964,1065.76875
Austria,1965,1241.03876953125
Austria,1966,1248.79619140625
Austria,1967,1000.248828125
Austria,1968,954.6068359375
Austria,1969,874.65625
Austria,1970,1174.5587890625
Austria,1971,764.800634765625
Austria,1972,976.576953125
Austria,1973,944.3994140625
Austria,1974,1004.153125
Austria,1975,958.9119140625
Austria,1976,877.6443359375
Austria,1977,928.625
Austria,1978,853.2193359375
Austria,1979,1101.34248046875
Austria,1980,975.545703125
Austria,1981,1028.9556640625
Austria,1982,913.444921875
Austria,1983,890.04375
Austria,1984,888.8630859375
Austria,1985,1053.982421875
Austria,1986,929.60439453125
Austria,1987,1113.2380859375
Austria,1988,1065.819921875
Austria,1989,969.9125
Austria,1990,978.585546875
Austria,1991,972.18564453125
Austria,1992,944.86123046875
Austria,1993,1001.016796875
Austria,1994,932.115625
Austria,1995,1062.614453125
Austria,1996,1086.95556640625
Austria,1997,1038.53564453125
Austria,1998,1050.928125
Austria,1999,1086.06123046875
Austria,2000,1113.0361328125
Austria,2001,1013.6306640625
Austria,2002,1184.142578125
Austria,2003,813.02626953125
Austria,2004,982.1375
Austria,2005,1097.9451171875
Austria,2006,1000.45751953125
Austria,2007,1120.265625
Austria,2008,1010.45
Austria,2009,1141.4451171875
Austria,2010,1033.98310546875
Austria,2011,859.751953125
Austria,2012,1086.5994140625
Austria,2013,1044.61748046875
Austria,2014,1103.76875
Austria,2015,854.4494140625
Austria,2016,1099.8880859375
Austria,2017,1054.665625
Austria,2018,938.2400390625
Austria,2019,992.99873046875
Austria,2020,1063.126953125
Austria,2021,909.7162109375
Austria,2022,878.626171875
Austria,2023,1180.88193359375
Austria,2024,1096.865625
Belgium,1950,883.7377049180328
Belgium,1951,930.3082095286885
Belgium,1952,954.7835553278688
Belgium,1953,584.3148053278688
Belgium,1954,806.6508709016393
Belgium,1955,681.4508196721312
Belgium,1956,825.7983478483607
Belgium,1957,855.5377177254098
Belgium,1958,881.8066086065573
Belgium,1959,562.7655609631148
Belgium,1960,969.5376536885246
Belgium,1961,943.944287909836
Belgium,1962,807.9852715163935
Belgium,1963,676.6048924180328
Belgium,1964,739.6508709016393
Belgium,1965,1076.9394211065573
Belgium,1966,1109.6278176229507
Belgium,1967,760.7902151639345
Belgium,1968,797.9327612704918
Belgium,1969,778.5426485655738
Belgium,1970,844.699987192623
Belgium,1971,626.7967469262295
Belgium,1972,715.9409579918033
Belgium,1973,683.7950819672132
Belgium,1974,1001.2574282786885
Belgium,1975,708.6753970286885
Belgium,1976,511.87378329918033
Belgium,1977,843.804943647541
Belgium,1978,723.3557889344262
Belgium,1979,870.9360911885246
Belgium,1980,878.827868852459
Belgium,1981,1017.6507428278688
Belgium,1982,843.1704661885246
Belgium,1983,807.3639856557377
Belgium,1984,943.9115010245902
Belgium,1985,735.9901383196722
Belgium,1986,887.6753970286885
Belgium,1987,908.6590676229508
Belgium,1988,973.872118340164
Belgium,1989,718.8819800204918
Belgium,1990,753.9803406762295
Belgium,1991,710.2720927254098
Belgium,1992,865.5737704918033
Belgium,1993,867.555712090164
Belgium,1994,869.8146772540983
Belgium,1995,850.9310963114754
Belgium,1996,657.1196209016393
Belgium,1997,748.360655737705
Belgium,1998,990.7983478483607
Belgium,1999,940.3721823770492
Belgium,2000,968.5443135245902
Belgium,2001,1027.634349385246
Belgium,2002,1048.7065829918033
Belgium,2003,680.8688524590164
Belgium,2004,816.8377305327868
Belgium,2005,741.5623078893443
Belgium,2006,828.0901639344262
Belgium,2007,926.3705174180328
Belgium,2008,878.0655737704918
Belgium,2009,790.3671875
Belgium,2010,799.688524590164
Belgium,2011,718.9491547131148
Belgium,2012,905.5787013319672
Belgium,2013,764.1639344262295
Belgium,2014,832.362256659836
Belgium,2015,780.483606557377
Belgium,2016,828.4147028688525
Belgium,2017,754.5491803278688
Belgium,2018,647.9295594262295
Belgium,2019,785.6508068647541
Belgium,2020,757.3409323770492
Belgium,2021,902.3066086065573
Belgium,2022,637.8934426229508
Belgium,2023,974.0721055327868
Belgium,2024,996.4360911885246
Bulgaria,1950,340.47112596649487
Bulgaria,1951,417.96182345360825
Bulgaria,1952,509.2830219072165
Bulgaria,1953,475.9046391752577
Bulgaria,1954,619.0752255154639
Bulgaria,1955,685.6721971649484
Bulgaria,1956,553.2273276417526
Bulgaria,1957,604.6149726159794
Bulgaria,1958,419.75205380154637
Bulgaria,1959,501.1742106958763
Bulgaria,1960,590.0716414304123
Bulgaria,1961,478.7814513530928
Bulgaria,1962,501.99073775773195
Bulgaria,1963,534.5794136597938
Bulgaria,1964,499.9154317010309
Bulgaria,1965,448.42731153350513
Bulgaria,1966,621.32421875
Bulgaria,1967,464.1494442654639
Bulgaria,1968,447.0726481958763
Bulgaria,1969,580.3262725515464
Bulgaria,1970,542.6721166237113
Bulgaria,1971,600.6917284149484
Bulgaria,1972,596.0217058634021
Bulgaria,1973,504.29075386597935
Bulgaria,1974,421.5530766752577
Bulgaria,1975,426.4360905283505
Bulgaria,1976,498.82474226804123
Bulgaria,1977,420.20513853092785
Bulgaria,1978,494.8659793814433
Bulgaria,1979,462.45465528350513
Bulgaria,1980,528.0401900773196
Bulgaria,1981,490.7587789948454
Bulgaria,1982,501.77218911082474
Bulgaria,1983,447.41651900773195
Bulgaria,1984,453.9159954896907
Bulgaria,1985,358.5484455541237
Bulgaria,1986,406.1340206185567
Bulgaria,1987,514.8025531572165
Bulgaria,1988,458.52887403350513
Bulgaria,1989,425.17574097938143
Bulgaria,1990,368.27367912371136
Bulgaria,1991,484.1510148195876
Bulgaria,1992,358.06028511597935
Bulgaria,1993,374.6169861469072
Bulgaria,1994,422.10309278350513
Bulgaria,1995,543.3298969072165
Bulgaria,1996,479.78503543814435
Bulgaria,1997,508.30517074742266
Bulgaria,1998,475.3597777061856
Bulgaria,1999,464.12886597938143
Bulgaria,2000,245.13609455541237
Bulgaria,2001,367.2118637242268
Bulgaria,2002,633.1520215850516
Bulgaria,2003,561.5072487113403
Bulgaria,2004,538.4458762886597
Bulgaria,2005,783.4067332474227
Bulgaria,2006,495.8314674613402
Bulgaria,2007,623.2443218427835
Bulgaria,2008,421.1644652061856
Bulgaria,2009,607.1057103737113
Bulgaria,2010,728.6015625
Bulgaria,2011,447.5438144329897
Bulgaria,2012,549.8411726804123
Bulgaria,2013,520.8886517396908
Bulgaria,2014,866.0236791237113
Bulgaria,2015,605.3262725515464
Bulgaria,2016,546.2396504510309
Bulgaria,2017,567.860824742268
Bulgaria,2018,618.7721488402062
Bulgaria,2019,466.6179929123711
Bulgaria,2020,508.21081668814435
Bulgaria,2021,648.2127899484536
Bulgaria,2022,402.7912371134021
Bulgaria,2023,504.19583601804123
Bulgaria,2024,478.511356314433
Croatia,1950,827.2038762019231
Croatia,1951,934.8221153846154
Croatia,1952,849.6481370192307
Croatia,1953,577.4259690504807
Croatia,1954,833.2576622596154
Croatia,1955,1053.417217548077
Croatia,1956,742.689453125
Croatia,1957,753.2028996394231
Croatia,1958,778.0913461538462
Croatia,1959,999.0163762019231
Croatia,1960,1089.9817457932693
Croatia,1961,834.7442157451923
Croatia,1962,993.0519831730769
Croatia,1963,960.5981069711538
Croatia,1964,1018.8933293269231
Croatia,1965,1039.0961538461538
Croatia,1966,1084.2346754807693
Croatia,1967,829.2000450721154
Croatia,1968,835.6682692307693
Croatia,1969,1062.3798076923076
Croatia,1970,934.8933293269231
Croatia,1971,712.1047926682693
Croatia,1972,1021.9143629807693
Croatia,1973,704.8865685096154
Croatia,1974,1090.0374849759614
Croatia,1975,850.2240084134615
Croatia,1976,987.9317157451923
Croatia,1977,900.0202073317307
Croatia,1978,920.1856219951923
Croatia,1979,1019.3432992788462
Croatia,1980,1062.6769080528845
Croatia,1981,990.3567457932693
Croatia,1982,862.8529146634615
Croatia,1983,654.8297776442307
Croatia,1984,1025.1528695913462
Croatia,1985,846.30859375
Croatia,1986,855.5404146634615
Croatia,1987,929.0480769230769
Croatia,1988,798.7922926682693
Croatia,1989,816.0067608173077
Croatia,1990,796.0326772836538
Croatia,1991,884.3317307692307
Croatia,1992,855.5893930288462
Croatia,1993,904.7798227163462
Croatia,1994,870.5172776442307
Croatia,1995,1070.9547776442307
Croatia,1996,1024.8999399038462
Croatia,1997,835.5567157451923
Croatia,1998,951.7288161057693
Croatia,1999,1048.6048677884614
Croatia,2000,749.0432692307693
Croatia,2001,922.1606069711538
Croatia,2002,942.4423076923077
Croatia,2003,660.314453125
Croatia,2004,1057.8134765625
Croatia,2005,1061.2741135817307
Croatia,2006,843.6326622596154
Croatia,2007,889.0394381009615
Croatia,2008,884.6422776442307
Croatia,2009,934.1759314903846
Croatia,2010,1287.3048377403845
Croatia,2011,592.1076847956731
Croatia,2012,862.0220853365385
Croatia,2013,1131.4298377403845
Croatia,2014,1313.8287259615386
Croatia,2015,879.6730769230769
Croatia,2016,993.9885066105769
Croatia,2017,924.7095853365385
Croatia,2018,901.7865835336538
Croatia,2019,1047.0018780048076
Croatia,2020,874.9086538461538
Croatia,2021,897.6326622596154
Croatia,2022,848.3519381009615
Croatia,2023,1175.5087139423076
Croatia,2024,964.7615685096154
Czechia,1950,644.5540164877301
Czechia,1951,548.8503163343559
Czechia,1952,683.2797641871166
Czechia,1953,485.58157592024537
Czechia,1954,713.4220667177914
Czechia,1955,686.1687116564417
Czechia,1956,680.2030770705521
Czechia,1957,658.8036809815951
Czechia,1958,768.0557898773006
Czechia,1959,506.49875383435585
Czechia,1960,715.9914206288344
Czechia,1961,647.8086177147239
Czechia,1962,601.3491180981595
Czechia,1963,565.1871165644171
Czechia,1964,621.0410755368098
Czechia,1965,784.7724309815951
Czechia,1966,804.8178680981595
Czechia,1967,676.368146088957
Czechia,1968,655.4460314417178
Czechia,1969,538.1263899539878
Czechia,1970,716.8901936349694
Czechia,1971,558.9822181748466
Czechia,1972,551.3067484662577
Czechia,1973,517.8883243865031
Czechia,1974,749.3074194785277
Czechia,1975,586.0914493865031
Czechia,1976,577.9791027607362
Czechia,1977,765.9914685582822
Czechia,1978,589.2263707822086
Czechia,1979,696.4962615030674
Czechia,1980,675.7810103527607
Czechia,1981,800.7521568251534
Czechia,1982,512.553393404908
Czechia,1983,561.9128642638037
Czechia,1984,600.6215011503067
Czechia,1985,663.154620398773
Czechia,1986,681.0926476226994
Czechia,1987,726.4129121932515
Czechia,1988,666.4883531441718
Czechia,1989,545.7460218558282
Czechia,1990,555.0245398773006
Czechia,1991,559.467455904908
Czechia,1992,576.830713190184
Czechia,1993,641.9121932515337
Czechia,1994,631.4417177914111
Czechia,1995,756.9043328220858
Czechia,1996,668.4398964723927
Czechia,1997,697.9404716257669
Czechia,1998,688.4576782975461
Czechia,1999,602.0552147239264
Czechia,2000,658.3564033742331
Czechia,2001,759.9521184815951
Czechia,2002,809.9160276073619
Czechia,2003,475.6042944785276
Czechia,2004,625.0153374233129
Czechia,2005,676.6472392638037
Czechia,2006,658.3349309815951
Czechia,2007,704.7233512269938
Czechia,2008,583.6981403374233
Czechia,2009,699.8386694785277
Czechia,2010,820.8404907975461
Czechia,2011,596.1607553680982
Czechia,2012,655.9864838957055
Czechia,2013,691.9840874233129
Czechia,2014,623.8680981595093
Czechia,2015,511.1521280674847
Czechia,2016,612.1471913343559
Czechia,2017,657.7840299079754
Czechia,2018,481.32146280674846
Czechia,2019,613.6416794478528
Czechia,2020,740.1391871165645
Czechia,2021,656.3784988496933
Czechia,2022,597.5423217024539
Czechia,2023,704.0110237730062
Czechia,2024,735.1153661809816
Denmark,1950,689.8112244897959
Denmark,1951,639.4377391581633
Denmark,1952,575.1816007653061
Denmark,1953,546.372409119898
Denmark,1954,694.1499521683673
Denmark,1955,476.4091996173469
Denmark,1956,476.3806600765306
Denmark,1957,543.6989795918367
Denmark,1958,614.4908322704082
Denmark,1959,464.6459263392857
Denmark,1960,613.3356983418367
Denmark,1961,614.0785634566327
Denmark,1962,561.022441007653
Denmark,1963,579.1520647321429
Denmark,1964,508.76837531887753
Denmark,1965,589.7091438137755
Denmark,1966,662.682637117347
Denmark,1967,695.9939413265306
Denmark,1968,608.5173389668367
Denmark,1969,460.9754862882653
Denmark,1970,625.332669005102
Denmark,1971,492.152024872449
Denmark,1972,482.7693718112245
Denmark,1973,488.7153220663265
Denmark,1974,603.1010443239796
Denmark,1975,438.59490593112247
Denmark,1976,419.8857222576531
Denmark,1977,576.2560985331633
Denmark,1978,549.8643176020408
Denmark,1979,635.090840242347
Denmark,1980,721.7336575255102
Denmark,1981,688.88671875
Denmark,1982,581.022480867347
Denmark,1983,622.409159757653
Denmark,1984,572.63671875
Denmark,1985,603.8632413903061
Denmark,1986,534.1857461734694
Denmark,1987,611.9694276147959
Denmark,1988,663.2316645408164
Denmark,1989,462.7581712372449
Denmark,1990,671.5428093112245
Denmark,1991,521.2071508290817
Denmark,1992,562.8204320790817
Denmark,1993,597.2397959183673
Denmark,1994,682.1163903061224
Denmark,1995,515.3030931122449
Denmark,1996,403.2938456632653
Denmark,1997,486.9040975765306
Denmark,1998,678.4438775510204
Denmark,1999,736.6623086734694
Denmark,2000,615.5714285714286
Denmark,2001,596.9377391581633
Denmark,2002,662.620455994898
Denmark,2003,511.1051100127551
Denmark,2004,639.0275430484694
Denmark,2005,520.824537627551
Denmark,2006,661.6091757015306
Denmark,2007,671.393893494898
Denmark,2008,632.1163105867347
Denmark,2009,593.1653380102041
Denmark,2010,573.1427774234694
Denmark,2011,638.9816645408164
Denmark,2012,680.2857142857143
Denmark,2013,562.7439413265306
Denmark,2014,697.7387595663265
Denmark,2015,754.1816804846939
Denmark,2016,585.3112244897959
Denmark,2017,695.9754464285714
Denmark,2018,496.88364955357144
Denmark,2019,763.2795758928571
Denmark,2020,646.9826610331633
Denmark,2021,614.9530452806123
Denmark,2022,580.9734933035714
Denmark,2023,816.3622448979592
Denmark,2024,770.1693239795918
Estonia,1950,531.3045454545454
Estonia,1951,407.0072443181818
Estonia,1952,625.5972301136363
Estonia,1953,473.89907670454545
Estonia,1954,567.1308948863636
Estonia,1955,437.6909090909091
Estonia,1956,540.1654119318182
Estonia,1957,587.5845880681818
Estonia,1958,449.53817471590907
Estonia,1959,452.7808948863636
Estonia,1960,498.5473011363636
Estonia,1961,514.0727272727273
Estonia,1962,628.6446022727273
Estonia,1963,425.24002130681816
Estonia,1964,383.0118252840909
Estonia,1965,416.7463778409091
Estonia,1966,605.1545454545454
Estonia,1967,583.6654829545455
Estonia,1968,494.4436434659091
Estonia,1969,488.4235795454546
Estonia,1970,507.2645241477273
Estonia,1971,510.73909801136364
Estonia,1972,539.3399857954546
Estonia,1973,560.1900213068182
Estonia,1974,565.4890980113636
Estonia,1975,493.0127130681818
Estonia,1976,440.3063565340909
Estonia,1977,614.9100852272727
Estonia,1978,720.9946022727273
Estonia,1979,533.6863636363636
Estonia,1980,573.7427201704545
Estonia,1981,757.9218039772727
Estonia,1982,504.76906960227274
Estonia,1983,608.9508522727273
Estonia,1984,577.1699928977273
Estonia,1985,600.4
Estonia,1986,622.3318181818182
Estonia,1987,618.7735795454546
Estonia,1988,618.4336647727273
Estonia,1989,573.2290838068182
Estonia,1990,728.5882102272727
Estonia,1991,619.0673295454545
Estonia,1992,534.2281960227273
Estonia,1993,602.4582386363636
Estonia,1994,581.3918323863636
Estonia,1995,594.2627485795455
Estonia,1996,491.3300071022727
Estonia,1997,600.2636363636364
Estonia,1998,704.1399857954545
Estonia,1999,557.719140625
Estonia,2000,568.5499644886364
Estonia,2001,671.7272727272727
Estonia,2002,479.7718039772727
Estonia,2003,599.8709517045454
Estonia,2004,657.3227272727273
Estonia,2005,548.6300071022728
Estonia,2006,433.447265625
Estonia,2007,618.5700284090909
Estonia,2008,754.7
Estonia,2009,664.2545454545455
Estonia,2010,660.2990767045454
Estonia,2011,549.5354403409091
Estonia,2012,730.371875
Estonia,2013,468.56186079545455
Estonia,2014,524.5963423295455
Estonia,2015,540.3599786931818
Estonia,2016,676.6899857954545
Estonia,2017,651.2144886363636
Estonia,2018,435.5127130681818
Estonia,2019,613.05546875
Estonia,2020,622.4208806818182
Estonia,2021,542.3854403409091
Estonia,2022,478.2854403409091
Estonia,2023,608.5390625
Estonia,2024,572.2163707386363
Finland,1950,466.9532470703125
Finland,1951,463.04071044921875
Finland,1952,551.802734375
Finland,1953,490.3407287597656
Finland,1954,607.6934814453125
Finland,1955,498.2546691894531
Finland,1956,414.29766845703125
Finland,1957,599.4034423828125
Finland,1958,440.76336669921875
Finland,1959,443.16595458984375
Finland,1960,465.62054443359375
Finland,1961,587.9114990234375
Finland,1962,575.8995971679688
Finland,1963,470.150146484375
Finland,1964,492.2198486328125
Finland,1965,543.3279418945312
Finland,1966,546.414794921875
Finland,1967,589.4573974609375
Finland,1968,497.65411376953125
Finland,1969,427.8526306152344
Finland,1970,500.17486572265625
Finland,1971,490.8580627441406
Finland,1972,509.5038146972656
Finland,1973,490.7203063964844
Finland,1974,683.6427001953125
Finland,1975,501.5071716308594
Finland,1976,417.57196044921875
Finland,1977,574.3253784179688
Finland,1978,418.2336730957031
Finland,1979,565.6840209960938
Finland,1980,482.4294738769531
Finland,1981,670.5109252929688
Finland,1982,525.8572998046875
Finland,1983,616.0560913085938
Finland,1984,561.6817626953125
Finland,1985,546.0830078125
Finland,1986,550.1534423828125
Finland,1987,544.2896728515625
Finland,1988,582.7664184570312
Finland,1989,570.393310546875
Finland,1990,508.55023193359375
Finland,1991,585.68310546875
Finland,1992,657.0587158203125
Finland,1993,520.7809448242188
Finland,1994,528.8394775390625
Finland,1995,567.722412109375
Finland,1996,537.758056640625
Finland,1997,500.5166015625
Finland,1998,684.2110595703125
Finland,1999,555.7215576171875
Finland,2000,632.929443359375
Finland,2001,561.306884765625
Finland,2002,487.9442138671875
Finland,2003,523.1405029296875
Finland,2004,634.7529296875
Finland,2005,611.3035888671875
Finland,2006,510.34735107421875
Finland,2007,629.0220336914062
Finland,2008,675.8515014648438
Finland,2009,481.00738525390625
Finland,2010,536.4552001953125
Finland,2011,630.616943359375
Finland,2012,693.3671875
Finland,2013,556.8162231445312
Finland,2014,538.258056640625
Finland,2015,667.5621337890625
Finland,2016,614.1220703125
Finland,2017,592.160888671875
Finland,2018,468.95245361328125
Finland,2019,591.2621459960938
Finland,2020,659.4339599609375
Finland,2021,602.8067016601562
Finland,2022,551.464111328125
Finland,2023,651.8489990234375
Finland,2024,600.1971435546875
France,1950,776.3240917782027
France,1951,940.1922203632887
France,1952,874.9608030592734
France,1953,540.2662523900574
France,1954,740.8134560229446
France,1955,738.1253585086042
France,1956,702.8415391969407
France,1957,713.0623804971319
France,1958,919.0683556405354
France,1959,770.2485659655832
France,1960,992.5128465583174
France,1961,740.1749521988528
France,1962,708.7921845124283
France,1963,833.6287045889102
France,1964,657.885456500956
France,1965,960.4355282026769
France,1966,927.8746414913958
France,1967,707.2598589866157
France,1968,860.7582456978968
France,1969,815.2485659655832
France,1970,787.6161567877629
France,1971,728.9185587954111
France,1972,777.9480760038241
France,1973,683.4245936902486
France,1974,857.5345363288719
France,1975,750.998267208413
France,1976,701.3448255258127
France,1977,945.2909297323135
France,1978,809.4336161567877
France,1979,957.9695865200765
France,1980,829.2974426386234
France,1981,957.1863647227533
France,1982,888.130258126195
France,1983,794.5934512428298
France,1984,900.4311065965583
France,1985,668.2133126195029
France,1986,860.7823852772467
France,1987,841.6839149139579
France,1988,894.8154875717017
France,1989,632.6400573613766
France,1990,755.4423996175908
France,1991,676.5273661567877
France,1992,873.1951481835564
France,1993,873.9524378585086
France,1994,969.1962237093691
France,1995,880.4335564053538
France,1996,826.5639340344168
France,1997,773.6061185468451
France,1998,810.9684512428298
France,1999,974.4622370936903
France,2000,961.1814053537285
France,2001,906.2316563097514
France,2002,908.2301625239006
France,2003,703.1398781070745
France,2004,767.7975621414914
France,2005,644.5234823135755
France,2006,788.9077437858508
France,2007,811.940846080306
France,2008,910.0478011472276
France,2009,766.2439053537285
France,2010,809.8615559273422
France,2011,681.7464149139579
France,2012,826.1891132887189
France,2013,921.4524378585086
France,2014,914.2893164435947
France,2015,680.2320745697897
France,2016,818.5043618546845
France,2017,720.4805210325047
France,2018,860.0862810707457
France,2019,836.0547920650096
France,2020,790.9841061185468
France,2021,818.1411328871893
France,2022,624.421785372849
France,2023,864.1168140535373
France,2024,966.7795769598471
Germany,1950,778.8700436827957
Germany,1951,710.1680107526881
Germany,1952,772.6130712365591
Germany,1953,549.6569220430108
Germany,1954,819.1549899193549
Germany,1955,728.8686155913979
Germany,1956,787.0036122311828
Germany,1957,735.7542002688172
Germany,1958,816.7304267473119
Germany,1959,504.52230342741933
Germany,1960,793.0740927419355
Germany,1961,813.6636424731183
Germany,1962,647.6485215053764
Germany,1963,609.0723286290323
Germany,1964,587.5112987231183
Germany,1965,926.2197580645161
Germany,1966,907.1737231182796
Germany,1967,774.0674563172043
Germany,1968,784.3251008064516
Germany,1969,671.8741599462365
Germany,1970,850.5919018817204
Germany,1971,553.7731014784946
Germany,1972,611.2227402553764
Germany,1973,649.8501344086021
Germany,1974,825.8652553763441
Germany,1975,608.6700268817204
Germany,1976,544.5286458333334
Germany,1977,765.0399865591398
Germany,1978,742.9117943548387
Germany,1979,767.5823252688172
Germany,1980,783.4594254032259
Germany,1981,928.6622983870968
Germany,1982,656.515877016129
Germany,1983,732.2466397849462
Germany,1984,770.8439180107526
Germany,1985,680.3922631048387
Germany,1986,808.0512432795699
Germany,1987,824.7903225806451
Germany,1988,808.6780073924731
Germany,1989,636.8114079301075
Germany,1990,735.0505712365591
Germany,1991,594.0603998655914
Germany,1992,739.1657426075269
Germany,1993,825.4282594086021
Germany,1994,830.9432963709677
Germany,1995,812.7302587365591
Germany,1996,628.0249495967741
Germany,1997,659.9314936155914
Germany,1998,861.3639952956989
Germany,1999,776.0947580645161
Germany,2000,759.114751344086
Germany,2001,862.1349126344086
Germany,2002,947.286878360215
Germany,2003,560.5687163978495
Germany,2004,751.1809475806451
Germany,2005,722.8554267473119
Germany,2006,690.8783602150538
Germany,2007,901.911626344086
Germany,2008,717.6838037634409
Germany,2009,743.7517641129032
Germany,2010,806.9850470430108
Germany,2011,682.8810483870968
Germany,2012,724.4810147849462
Germany,2013,738.2032930107526
Germany,2014,685.5826612903226
Germany,2015,664.8694976478495
Germany,2016,690.8111139112904
Germany,2017,815.2760416666666
Germany,2018,540.4895833333334
Germany,2019,684.0912718413979
Germany,2020,654.5453629032259
Germany,2021,746.3111559139785
Germany,2022,621.9283434139785
Germany,2023,904.0115927419355
Germany,2024,847.4842069892474
Greece,1950,237.60454545454544
Greece,1951,339.8577414772727
Greece,1952,301.2945667613636
Greece,1953,291.1272549715909
Greece,1954,436.86044034090907
Greece,1955,486.3313565340909
Greece,1956,475.4022727272727
Greece,1957,399.7818181818182
Greece,1958,425.50955255681816
Greece,1959,483.50269886363634
Greece,1960,552.8223011363636
Greece,1961,378.7318181818182
Greece,1962,599.7913352272727
Greece,1963,559.56953125
Greece,1964,422.11274857954544
Greece,1965,453.51640625
Greece,1966,527.8208451704545
Greece,1967,430.25181107954546
Greece,1968,506.8340909090909
Greece,1969,463.25
Greece,1970,394.558203125
Greece,1971,513.7213778409091
Greece,1972,505.71047585227274
Greece,1973,467.65365767045455
Greece,1974,440.3772372159091
Greece,1975,368.2836292613636
Greece,1976,464.4240767045454
Greece,1977,299.325
Greece,1978,483.1068181818182
Greece,1979,524.1649857954545
Greece,1980,500.727734375
Greece,1981,466.4845525568182
Greece,1982,474.23501420454545
Greece,1983,431.6240767045455
Greece,1984,363.6095525568182
Greece,1985,376.1454545454545
Greece,1986,422.56498579545456
Greece,1987,458.32272727272726
Greece,1988,375.6645596590909
Greece,1989,276.25727982954544
Greece,1990,349.37318892045454
Greece,1991,394.65
Greece,1992,295.82137784090907
Greece,1993,329.16910511363636
Greece,1994,414.55546875
Greece,1995,392.4077059659091
Greece,1996,427.49588068181816
Greece,1997,330.3363636363636
Greece,1998,343.4986505681818
Greece,1999,409.9404829545455
Greece,2000,239.952734375
Greece,2001,333.9127130681818
Greece,2002,511.7618252840909
Greece,2003,442.8045099431818
Greece,2004,370.2854403409091
Greece,2005,321.03274147727274
Greece,2006,259.3099786931818
Greece,2007,309.7968039772727
Greece,2008,253.37865767045454
Greece,2009,432.59957386363635
Greece,2010,341.92318892045455
Greece,2011,267.2322443181818
Greece,2012,329.40500710227275
Greece,2013,328.51548295454546
Greece,2014,483.2327414772727
Greece,2015,450.85727982954546
Greece,2016,400.98227982954546
Greece,2017,401.7877130681818
Greece,2018,461.60227272727275
Greece,2019,519.8268110795455
Greece,2020,366.7104403409091
Greece,2021,480.04957386363634
Greece,2022,327.09818892045456
Greece,2023,399.8272727272727
Greece,2024,420.35816761363634
Hungary,1950,571.5370303468208
Hungary,1951,583.4075144508671
Hungary,1952,618.1629786849711
Hungary,1953,451.1613078034682
Hungary,1954,563.4497380780347
Hungary,1955,639.1728684971098
Hungary,1956,449.4272037572254
Hungary,1957,491.5681900289017
Hungary,1958,518.1820809248555
Hungary,1959,506.13118677745666
Hungary,1960,584.3144869942197
Hungary,1961,405.0508489884393
Hungary,1962,467.43176481213874
Hungary,1963,558.6196712427745
Hungary,1964,570.3156159682081
Hungary,1965,735.5948338150289
Hungary,1966,633.9600794797688
Hungary,1967,458.50632225433526
Hungary,1968,472.272263367052
Hungary,1969,596.9809429190751
Hungary,1970,611.9774205202312
Hungary,1971,402.8624458092485
Hungary,1972,556.1999638728323
Hungary,1973,400.5844020953757
Hungary,1974,656.2214143786127
Hungary,1975,485.3716582369942
Hungary,1976,483.21847904624275
Hungary,1977,490.63123193641616
Hungary,1978,478.3520140895954
Hungary,1979,494.5930274566474
Hungary,1980,515.1046784682081
Hungary,1981,443.98731033236993
Hungary,1982,468.1399024566474
Hungary,1983,404.0352691473988
Hungary,1984,548.8312409682081
Hungary,1985,547.9693822254335
Hungary,1986,424.015037933526
Hungary,1987,556.5878793352601
Hungary,1988,483.6595466040462
Hungary,1989,492.6138908959538
Hungary,1990,374.01038656069363
Hungary,1991,489.5786217485549
Hungary,1992,514.4925036127167
Hungary,1993,463.2375812861272
Hungary,1994,485.95032514450867
Hungary,1995,598.7653540462428
Hungary,1996,585.877438583815
Hungary,1997,434.2381683526012
Hungary,1998,638.922552384393
Hungary,1999,678.9896585982659
Hungary,2000,363.68036488439304
Hungary,2001,481.4456737716763
Hungary,2002,488.6884483381503
Hungary,2003,402.9127528901734
Hungary,2004,633.7508128612717
Hungary,2005,688.852059248555
Hungary,2006,535.7820628612717
Hungary,2007,575.0422236271677
Hungary,2008,549.9826589595376
Hungary,2009,546.469924132948
Hungary,2010,891.9225975433526
Hungary,2011,378.0387238078035
Hungary,2012,427.1092846820809
Hungary,2013,588.1265805635838
Hungary,2014,688.2028992052024
Hungary,2015,498.0346820809249
Hungary,2016,646.3884122109827
Hungary,2017,569.7653088872833
Hungary,2018,526.5988078034682
Hungary,2019,569.9837879335261
Hungary,2020,564.2202402456647
Hungary,2021,459.0225794797688
Hungary,2022,448.4780075867052
Hungary,2023,704.2954299132948
Hungary,2024,456.57171242774564
Ireland,1950,1152.187752016129
Ireland,1951,1121.7298387096773
Ireland,1952,874.4161416330645
Ireland,1953,907.3056325604839
Ireland,1954,1255.9798387096773
Ireland,1955,955.5693674395161
Ireland,1956,1065.1887600806451
Ireland,1957,1068.4943296370968
Ireland,1958,1228.2598286290322
Ireland,1959,1060.8339213709678
Ireland,1960,1308.5168850806451
Ireland,1961,1053.4048639112902
Ireland,1962,1024.8346774193549
Ireland,1963,1016.1597152217741
Ireland,1964,1068.6668346774193
Ireland,1965,1199.7008568548388
Ireland,1966,1209.4717741935483
Ireland,1967,1102.9862651209678
Ireland,1968,1100.5509072580646
Ireland,1969,905.0282258064516
Ireland,1970,1077.571068548387
Ireland,1971,827.4710181451613
Ireland,1972,1055.717741935484
Ireland,1973,1005.9548891129032
Ireland,1974,1165.819304435484
Ireland,1975,907.1080519153226
Ireland,1976,972.2813760080645
Ireland,1977,1149.1798135080646
Ireland,1978,1066.1990927419354
Ireland,1979,1172.0177671370968
Ireland,1980,1193.688004032258
Ireland,1981,1128.6887600806451
Ireland,1982,1229.316910282258
Ireland,1983,1074.672631048387
Ireland,1984,1048.2217741935483
Ireland,1985,1119.8902469758063
Ireland,1986,1250.1217237903227
Ireland,1987,968.7588205645161
Ireland,1988,1200.5378024193549
Ireland,1989,1054.6354586693549
Ireland,1990,1187.0863155241937
Ireland,1991,1046.069367439516
Ireland,1992,1099.5201612903227
Ireland,1993,1149.1620463709678
Ireland,1994,1265.7837701612902
Ireland,1995,1104.1451612903227
Ireland,1996,1095.0298639112902
Ireland,1997,1118.077368951613
Ireland,1998,1285.195816532258
Ireland,1999,1209.0718245967741
Ireland,2000,1220.4637096774193
Ireland,2001,856.214591733871
Ireland,2002,1104.026587701613
Ireland,2003,758.7210181451613
Ireland,2004,889.3000252016129
Ireland,2005,852.1653225806451
Ireland,2006,1109.8104838709678
Ireland,2007,1077.8274949596773
Ireland,2008,1288.5604838709678
Ireland,2009,1352.3839465725807
Ireland,2010,846.7733744959677
Ireland,2011,1001.0120337701613
Ireland,2012,1010.3758190524194
Ireland,2013,1053.4000756048388
Ireland,2014,1260.893523185484
Ireland,2015,1340.1290322580646
Ireland,2016,1051.9935735887098
Ireland,2017,1119.0612399193549
Ireland,2018,1096.500756048387
Ireland,2019,1239.2910786290322
Ireland,2020,1341.8218245967741
Ireland,2021,1093.1048387096773
Ireland,2022,1158.9741683467741
Ireland,2023,1374.656502016129
Ireland,2024,1057.1193296370968
Italy,1950,751.5079968239564
Italy,1951,995.8852087114337
Italy,1952,706.315449183303
Italy,1953,758.065108892922
Italy,1954,750.845167876588
Italy,1955,729.7646324863883
Italy,1956,704.4681261343013
Italy,1957,782.2644056261342
Italy,1958,833.1914700544464
Italy,1959,914.0903470961888
Italy,1960,1048.4488430127042
Italy,1961,707.9194078947369
Italy,1962,734.4152676950998
Italy,1963,954.165607985481
Italy,1964,835.5967558983666
Italy,1965,841.8421052631579
Italy,1966,907.777336660617
Italy,1967,668.8953039927404
Italy,1968,826.9112976406534
Italy,1969,814.13305353902
Italy,1970,704.2237976406534
Italy,1971,731.815222323049
Italy,1972,912.233552631579
Italy,1973,731.3553198729583
Italy,1974,720.4773139745917
Italy,1975,800.2817037205082
Italy,1976,960.5707803992741
Italy,1977,814.3742627041743
Italy,1978,876.6941923774955
Italy,1979,960.9733439201452
Italy,1980,822.904832123412
Italy,1981,743.9622277676951
Italy,1982,767.0364677858439
Italy,1983,637.0725952813067
Italy,1984,890.4568398366606
Italy,1985,674.5971529038112
Italy,1986,743.7326451905626
Italy,1987,785.4407894736842
Italy,1988,672.1890880217786
Italy,1989,652.9283688747731
Italy,1990,688.5364677858439
Italy,1991,736.2108666061706
Italy,1992,797.8773820326679
Italy,1993,713.0829174228675
Italy,1994,723.119555353902
Italy,1995,741.2764292196007
Italy,1996,949.6745689655172
Italy,1997,668.0444646098003
Italy,1998,680.6813180580763
Italy,1999,781.53527676951
Italy,2000,777.5096415607985
Italy,2001,621.8185117967332
Italy,2002,855.78930353902
Italy,2003,622.5659029038112
Italy,2004,797.8790834845735
Italy,2005,744.718863430127
Italy,2006,635.0486615245009
Italy,2007,623.5314201451905
Italy,2008,921.6775181488204
Italy,2009,924.7684891107078
Italy,2010,1110.8457350272233
Italy,2011,710.6130331215971
Italy,2012,836.0028924682396
Italy,2013,1023.1963475499092
Italy,2014,1098.3625226860254
Italy,2015,734.4709618874773
Italy,2016,863.8508393829401
Italy,2017,687.5953947368421
Italy,2018,949.620859800363
Italy,2019,984.4225272232305
Italy,2020,834.415834845735
Italy,2021,811.2708711433756
Italy,2022,679.0018715970962
Italy,2023,876.766333938294
Italy,2024,978.5308529945554
Latvia,1950,629.6777982026143
Latvia,1951,411.9666564542484
Latvia,1952,634.5392156862745
Latvia,1953,487.0411560457516
Latvia,1954,611.1301062091503
Latvia,1955,527.7620506535948
Latvia,1956,610.2065461601308
Latvia,1957,641.8594771241831
Latvia,1958,533.375816993464
Latvia,1959,479.55361519607845
Latvia,1960,587.8078533496732
Latvia,1961,547.8438010620915
Latvia,1962,682.9202920751634
Latvia,1963,458.515727124183
Latvia,1964,436.7124183006536
Latvia,1965,487.68040236928107
Latvia,1966,635.1902062908497
Latvia,1967,621.2725694444445
Latvia,1968,557.7072099673203
Latvia,1969,530.4189644607843
Latvia,1970,587.8405330882352
Latvia,1971,530.0758272058823
Latvia,1972,583.5790951797386
Latvia,1973,593.0137867647059
Latvia,1974,666.374591503268
Latvia,1975,462.1372549019608
Latvia,1976,496.5379391339869
Latvia,1977,679.2313112745098
Latvia,1978,775.7006229575163
Latvia,1979,595.8006535947712
Latvia,1980,719.3144403594771
Latvia,1981,764.1830065359477
Latvia,1982,510.297385620915
Latvia,1983,640.5823120915032
Latvia,1984,600.7961090686274
Latvia,1985,662.4869281045752
Latvia,1986,694.9947406045752
Latvia,1987,622.3960886437909
Latvia,1988,651.6333741830065
Latvia,1989,632.8699448529412
Latvia,1990,779.1935253267974
Latvia,1991,626.2254901960785
Latvia,1992,596.2875816993464
Latvia,1993,678.2562295751634
Latvia,1994,636.3601409313726
Latvia,1995,653.3745404411765
Latvia,1996,546.0424836601308
Latvia,1997,693.7909007352941
Latvia,1998,787.6065155228758
Latvia,1999,626.4836601307189
Latvia,2000,618.5091911764706
Latvia,2001,751.9313725490196
Latvia,2002,557.1535947712418
Latvia,2003,597.3203125
Latvia,2004,655.6987336601308
Latvia,2005,582.4189133986928
Latvia,2006,510.2516339869281
Latvia,2007,717.3796977124183
Latvia,2008,660.1195874183006
Latvia,2009,545.5536151960785
Latvia,2010,381.6215788398693
Latvia,2011,291.914368872549
Latvia,2012,357.70458026960785
Latvia,2013,311.961448120915
Latvia,2014,480.62086397058823
Latvia,2015,580.7693014705883
Latvia,2016,705.7306985294117
Latvia,2017,743.0529003267974
Latvia,2018,409.1745046977124
Latvia,2019,584.9980596405229
Latvia,2020,551.3862847222222
Latvia,2021,591.8071895424837
Latvia,2022,613.1797385620915
Latvia,2023,709.3654003267974
Latvia,2024,589.0895629084968
Lithuania,1950,746.4029664855072
Lithuania,1951,440.64419157608694
Lithuania,1952,641.2239583333334
Lithuania,1953,423.26737998188406
Lithuania,1954,686.9920742753624
Lithuania,1955,509.4065330615942
Lithuania,1956,598.8064990942029
Lithuania,1957,626.163722826087
Lithuania,1958,584.5840692934783
Lithuania,1959,509.24060235507244
Lithuania,1960,680.392776268116
Lithuania,1961,558.6188858695652
Lithuania,1962,653.9137794384058
Lithuania,1963,538.176120923913
Lithuania,1964,440.8231997282609
Lithuania,1965,547.6551177536232
Lithuania,1966,648.4717504528985
Lithuania,1967,675.697803442029
Lithuania,1968,575.9768455615942
Lithuania,1969,560.2203351449275
Lithuania,1970,630.7122961956521
Lithuania,1971,492.06159420289856
Lithuania,1972,664.9145153985507
Lithuania,1973,609.9557857789855
Lithuania,1974,743.9551064311594
Lithuania,1975,497.4869791666667
Lithuania,1976,484.8775475543478
Lithuania,1977,649.5840692934783
Lithuania,1978,715.3216711956521
Lithuania,1979,635.2905910326087
Lithuania,1980,776.9492753623189
Lithuania,1981,747.2746829710145
Lithuania,1982,520.4710144927536
Lithuania,1983,678.8101222826087
Lithuania,1984,617.514549365942
Lithuania,1985,700.0079257246376
Lithuania,1986,706.6029211956521
Lithuania,1987,675.0797101449275
Lithuania,1988,617.7434895833334
Lithuania,1989,681.4891304347826
Lithuania,1990,779.5072463768116
Lithuania,1991,567.1847826086956
Lithuania,1992,537.2579823369565
Lithuania,1993,630.2572463768116
Lithuania,1994,670.3913043478261
Lithuania,1995,659.5014719202899
Lithuania,1996,504.178272192029
Lithuania,1997,646.8311820652174
Lithuania,1998,810.2783061594203
Lithuania,1999,601.1884057971015
Lithuania,2000,624.0101902173913
Lithuania,2001,715.444236865942
Lithuania,2002,601.7964221014493
Lithuania,2003,589.3768115942029
Lithuania,2004,690.677536231884
Lithuania,2005,616.5355525362319
Lithuania,2006,555.7797214673913
Lithuania,2007,753.1021852355072
Lithuania,2008,626.6500226449275
Lithuania,2009,610.8305027173913
Lithuania,2010,449.8623188405797
Lithuania,2011,303.4478317481884
Lithuania,2012,446.231884057971
Lithuania,2013,542.5477807971015
Lithuania,2014,596.1355298913044
Lithuania,2015,555.5087182971015
Lithuania,2016,742.1536458333334
Lithuania,2017,756.5282495471015
Lithuania,2018,448.7652287137681
Lithuania,2019,495.57099184782606
Lithuania,2020,509.79495018115944
Lithuania,2021,567.5608582427536
Lithuania,2022,582.8855298913044
Lithuania,2023,625.6724411231884
Lithuania,2024,527.6449275362319
Luxembourg,1950,987.5250244140625
Luxembourg,1951,921.375
Luxembourg,1952,1023.5250244140625
Luxembourg,1953,537.625
Luxembourg,1954,849.3499755859375
Luxembourg,1955,734.6500244140625
Luxembourg,1956,766.0250244140625
Luxembourg,1957,757.25
Luxembourg,1958,1026.5999755859375
Luxembourg,1959,655.6500244140625
Luxembourg,1960,876.2749633789062
Luxembourg,1961,930.7999877929688
Luxembourg,1962,692.5250244140625
Luxembourg,1963,659.550048828125
Luxembourg,1964,612.175048828125
Luxembourg,1965,1103.60009765625
Luxembourg,1966,1080.050048828125
Luxembourg,1967,927.699951171875
Luxembourg,1968,859.5
Luxembourg,1969,721.2750244140625
Luxembourg,1970,940.699951171875
Luxembourg,1971,638.9000244140625
Luxembourg,1972,708.125
Luxembourg,1973,620.9500122070312
Luxembourg,1974,921.3250732421875
Luxembourg,1975,625.0750122070312
Luxembourg,1976,594.2249755859375
Luxembourg,1977,906.4750366210938
Luxembourg,1978,797.9000244140625
Luxembourg,1979,984.375
Luxembourg,1980,896.0
Luxembourg,1981,1046.0
Luxembourg,1982,899.800048828125
Luxembourg,1983,881.4000244140625
Luxembourg,1984,967.2249755859375
Luxembourg,1985,708.25
Luxembourg,1986,928.6500244140625
Luxembourg,1987,914.4000244140625
Luxembourg,1988,1060.675048828125
Luxembourg,1989,804.7750244140625
Luxembourg,1990,876.3999633789062
Luxembourg,1991,637.25
Luxembourg,1992,819.125
Luxembourg,1993,920.125
Luxembourg,1994,855.1000366210938
Luxembourg,1995,965.9749755859375
Luxembourg,1996,645.300048828125
Luxembourg,1997,903.7750244140625
Luxembourg,1998,909.2750244140625
Luxembourg,1999,916.75
Luxembourg,2000,1059.39990234375
Luxembourg,2001,1063.7249755859375
Luxembourg,2002,1040.72509765625
Luxembourg,2003,645.7249755859375
Luxembourg,2004,839.300048828125
Luxembourg,2005,671.175048828125
Luxembourg,2006,876.5250244140625
Luxembourg,2007,957.949951171875
Luxembourg,2008,932.375
Luxembourg,2009,855.7250366210938
Luxembourg,2010,747.5750122070312
Luxembourg,2011,599.6000366210938
Luxembourg,2012,893.9749755859375
Luxembourg,2013,799.3499755859375
Luxembourg,2014,805.175048828125
Luxembourg,2015,653.425048828125
Luxembourg,2016,726.8499755859375
Luxembourg,2017,744.5750122070312
Luxembourg,2018,757.125
Luxembourg,2019,847.7000122070312
Luxembourg,2020,808.3250732421875
Luxembourg,2021,880.625
Luxembourg,2022,711.675048828125
Luxembourg,2023,1044.949951171875
Luxembourg,2024,1166.8499755859375
Netherlands,1950,721.9022983284884
Netherlands,1951,655.7488190406976
Netherlands,1952,655.1942223837209
Netherlands,1953,450.73024164244185
Netherlands,1954,674.4127906976744
Netherlands,1955,518.8244004360465
Netherlands,1956,611.1814135174419
Netherlands,1957,680.4081577034884
Netherlands,1958,634.1662881540698
Netherlands,1959,408.56631540697674
Netherlands,1960,745.8523346656976
Netherlands,1961,740.6534792877907
Netherlands,1962,560.4127906976744
Netherlands,1963,539.6116460755813
Netherlands,1964,536.404660247093
Netherlands,1965,778.4755632267442
Netherlands,1966,811.0022710755813
Netherlands,1967,619.5755813953489
Netherlands,1968,654.7941951308139
Netherlands,1969,553.9953670058139
Netherlands,1970,647.2279251453489
Netherlands,1971,449.3069585755814
Netherlands,1972,539.0593204941861
Netherlands,1973,573.1314044331396
Netherlands,1974,687.0383811773256
Netherlands,1975,527.0825763081396
Netherlands,1976,402.59302325581393
Netherlands,1977,606.0290697674419
Netherlands,1978,528.0255723110465
Netherlands,1979,659.7674418604652
Netherlands,1980,612.8302143895348
Netherlands,1981,696.7860646802326
Netherlands,1982,542.2081213662791
Netherlands,1983,659.5453760901163
Netherlands,1984,699.9557594476744
Netherlands,1985,625.5139898255813
Netherlands,1986,638.3837209302326
Netherlands,1987,689.6057867005813
Netherlands,1988,738.65234375
Netherlands,1989,521.6802325581396
Netherlands,1990,612.0523255813954
Netherlands,1991,517.4779251453489
Netherlands,1992,672.8976199127907
Netherlands,1993,740.7941951308139
Netherlands,1994,767.1418968023256
Netherlands,1995,621.1604742005813
Netherlands,1996,504.55927507267444
Netherlands,1997,549.3720930232558
Netherlands,1998,901.5267986918604
Netherlands,1999,713.6465297965116
Netherlands,2000,765.1744186046511
Netherlands,2001,808.3662790697674
Netherlands,2002,758.1685592296511
Netherlands,2003,540.9383175872093
Netherlands,2004,729.298828125
Netherlands,2005,658.4174236918604
Netherlands,2006,647.646484375
Netherlands,2007,784.6384447674419
Netherlands,2008,687.2779342296511
Netherlands,2009,636.5476925872093
Netherlands,2010,691.1697856104652
Netherlands,2011,673.0197583575581
Netherlands,2012,735.6627452761628
Netherlands,2013,636.7581304505813
Netherlands,2014,676.8999818313954
Netherlands,2015,753.5418786337209
Netherlands,2016,677.0058139534884
Netherlands,2017,748.5918422965116
Netherlands,2018,521.8977107558139
Netherlands,2019,682.2732558139535
Netherlands,2020,671.2476380813954
Netherlands,2021,692.1186864098837
Netherlands,2022,627.9569404069767
Netherlands,2023,936.8744549418604
Netherlands,2024,849.6732376453489
Norway,1950,892.6061617943549
Norway,1951,875.603263608871
Norway,1952,805.6946824596774
Norway,1953,1035.0896547379032
Norway,1954,860.345199092742
Norway,1955,802.1861769153226
Norway,1956,789.45703125
Norway,1957,963.2676411290323
Norway,1958,805.5962701612904
Norway,1959,823.3027973790323
Norway,1960,690.6934223790323
Norway,1961,999.2468497983871
Norway,1962,904.4182837701613
Norway,1963,830.5592867943549
Norway,1964,1042.7063382056451
Norway,1965,797.45703125
Norway,1966,853.2389112903226
Norway,1967,1081.2526461693549
Norway,1968,794.370589717742
Norway,1969,752.401839717742
Norway,1970,792.1575100806451
Norway,1971,1040.2655619959678
Norway,1972,834.5989163306451
Norway,1973,1050.306640625
Norway,1974,830.7435735887096
Norway,1975,1075.4707661290322
Norway,1976,766.3631552419355
Norway,1977,801.3496723790323
Norway,1978,864.1417590725806
Norway,1979,891.7644279233871
Norway,1980,813.3581149193549
Norway,1981,894.9085181451613
Norway,1982,988.4664818548387
Norway,1983,1180.9201108870968
Norway,1984,825.5805191532259
Norway,1985,950.3948462701613
Norway,1986,920.0508442540323
Norway,1987,877.4172127016129
Norway,1988,999.0718876008065
Norway,1989,1132.6759072580646
Norway,1990,1125.1977066532259
Norway,1991,928.7789188508065
Norway,1992,1074.1180695564517
Norway,1993,901.8759450604839
Norway,1994,926.47265625
Norway,1995,1028.4121723790322
Norway,1996,768.3468371975806
Norway,1997,1015.5211693548387
Norway,1998,1003.562247983871
Norway,1999,1048.472908266129
Norway,2000,1098.0370463709678
Norway,2001,973.4172127016129
Norway,2002,848.9366179435484
Norway,2003,965.5282258064516
Norway,2004,1008.5863155241935
Norway,2005,1067.5834173387098
Norway,2006,989.6296622983871
Norway,2007,1102.3956653225807
Norway,2008,995.1551159274194
Norway,2009,903.4517389112904
Norway,2010,784.7259954637096
Norway,2011,1181.6410030241937
Norway,2012,972.3089087701613
Norway,2013,1003.0414566532259
Norway,2014,901.9128024193549
Norway,2015,1123.5037802419354
Norway,2016,942.0114037298387
Norway,2017,1091.0233114919354
Norway,2018,913.9417842741935
Norway,2019,981.0862525201613
Norway,2020,1150.2772177419354
Norway,2021,898.2457787298387
Norway,2022,1022.5645161290323
Norway,2023,970.685294858871
Norway,2024,1108.3140120967741
Poland,1950,586.5441261574074
Poland,1951,437.7464795524691
Poland,1952,632.1302083333334
Poland,1953,445.94921875
Poland,1954,514.9783950617284
Poland,1955,539.9032600308642
Poland,1956,565.3545042438271
Poland,1957,559.0370370370371
Poland,1958,615.5624517746913
Poland,1959,435.71248070987656
Poland,1960,651.942611882716
Poland,1961,557.7505787037037
Poland,1962,598.2121913580247
Poland,1963,501.9988908179012
Poland,1964,506.82373649691357
Poland,1965,608.5575327932099
Poland,1966,692.8836805555555
Poland,1967,677.4377893518518
Poland,1968,590.0012538580247
Poland,1969,457.388744212963
Poland,1970,734.8591338734568
Poland,1971,497.9142071759259
Poland,1972,571.011863425926
Poland,1973,544.1328125
Poland,1974,751.540268132716
Poland,1975,503.2151813271605
Poland,1976,508.8152970679012
Poland,1977,645.729938271605
Poland,1978,598.1737557870371
Poland,1979,533.4088541666666
Poland,1980,664.4371624228395
Poland,1981,670.859905478395
Poland,1982,402.05217978395063
Poland,1983,516.1983024691358
Poland,1984,511.5543016975309
Poland,1985,558.4977816358024
Poland,1986,536.452449845679
Poland,1987,595.074363425926
Poland,1988,544.4868827160494
Poland,1989,460.87808641975306
Poland,1990,535.4760802469136
Poland,1991,504.94878472222223
Poland,1992,518.4468557098766
Poland,1993,576.0856481481482
Poland,1994,619.7500482253087
Poland,1995,585.056037808642
Poland,1996,573.4634452160494
Poland,1997,634.147087191358
Poland,1998,671.7538580246913
Poland,1999,611.4634452160494
Poland,2000,607.4522569444445
Poland,2001,679.2684220679013
Poland,2002,595.8625096450618
Poland,2003,463.3137538580247
Poland,2004,585.8185281635803
Poland,2005,536.1712480709876
Poland,2006,539.9455054012345
Poland,2007,649.9941165123457
Poland,2008,587.8248456790124
Poland,2009,643.3341049382716
Poland,2010,777.0714216820987
Poland,2011,536.9699074074074
Poland,2012,594.135513117284
Poland,2013,606.6511863425926
Poland,2014,583.2999614197531
Poland,2015,459.8263888888889
Poland,2016,627.0606674382716
Poland,2017,719.4586226851852
Poland,2018,471.85850694444446
Poland,2019,510.81462191358025
Poland,2020,615.8967978395061
Poland,2021,587.6475694444445
Poland,2022,508.34027777777777
Poland,2023,645.1743827160494
Poland,2024,566.894675925926
Portugal,1950,660.5365074685535
Portugal,1951,1007.337067610063
Portugal,1952,790.9188777515724
Portugal,1953,530.0943396226415
Portugal,1954,606.0
Portugal,1955,945.7621855345911
Portugal,1956,858.5151336477987
Portugal,1957,572.6132075471698
Portugal,1958,850.3283215408806
Portugal,1959,1044.685534591195
Portugal,1960,1225.5905070754718
Portugal,1961,869.3044418238994
Portugal,1962,691.5843160377359
Portugal,1963,1305.4754323899372
Portugal,1964,673.8717079402516
Portugal,1965,935.4848663522013
Portugal,1966,1053.912539308176
Portugal,1967,603.1522209119497
Portugal,1968,893.5200471698113
Portugal,1969,1053.5031446540881
Portugal,1970,825.5987617924528
Portugal,1971,751.2572228773585
Portugal,1972,941.1440644654089
Portugal,1973,634.2333922955975
Portugal,1974,675.5151336477987
Portugal,1975,613.5132173742138
Portugal,1976,841.6314858490566
Portugal,1977,1059.9439858490566
Portugal,1978,1003.5918828616352
Portugal,1979,950.6094732704403
Portugal,1980,525.282380110063
Portugal,1981,652.8534787735849
Portugal,1982,576.7320656446541
Portugal,1983,722.9496855345911
Portugal,1984,769.3245381289308
Portugal,1985,802.876130110063
Portugal,1986,636.5320852987421
Portugal,1987,862.7056800314465
Portugal,1988,728.2855738993711
Portugal,1989,933.0930621069182
Portugal,1990,581.7899469339623
Portugal,1991,581.3157429245283
Portugal,1992,533.530856918239
Portugal,1993,734.4478183962265
Portugal,1994,649.1540880503145
Portugal,1995,754.0981721698113
Portugal,1996,996.3037539308176
Portugal,1997,965.3334316037735
Portugal,1998,555.7930915880503
Portugal,1999,676.3295990566038
Portugal,2000,910.1465212264151
Portugal,2001,872.1012185534591
Portugal,2002,865.4032036163522
Portugal,2003,831.7182586477987
Portugal,2004,511.49872248427675
Portugal,2005,465.52702437106916
Portugal,2006,909.7049921383648
Portugal,2007,494.7761399371069
Portugal,2008,652.3836477987421
Portugal,2009,786.4716981132076
Portugal,2010,951.2641509433962
Portugal,2011,673.6200864779875
Portugal,2012,562.53518081761
Portugal,2013,865.1000393081761
Portugal,2014,999.7069575471698
Portugal,2015,505.91131092767296
Portugal,2016,890.7446933962265
Portugal,2017,489.482409591195
Portugal,2018,846.8547562893082
Portugal,2019,678.0515919811321
Portugal,2020,673.5194575471698
Portugal,2021,664.4264445754717
Portugal,2022,714.5949783805031
Portugal,2023,731.6000884433962
Portugal,2024,752.622641509434
Romania,1950,346.1936936936937
Romania,1951,354.18172860360363
Romania,1952,545.4763513513514
Romania,1953,481.00404701576576
Romania,1954,588.6441441441441
Romania,1955,675.290822072072
Romania,1956,484.26013513513516
Romania,1957,566.1241202139639
Romania,1958,491.84589667792795
Romania,1959,542.4528786599099
Romania,1960,570.3299549549549
Romania,1961,449.1274634009009
Romania,1962,495.08312218468467
Romania,1963,477.3087697072072
Romania,1964,533.2560881193693
Romania,1965,492.6380912162162
Romania,1966,655.9076576576576
Romania,1967,504.009009009009
Romania,1968,534.2905405405405
Romania,1969,632.7272663288288
Romania,1970,640.4479166666666
Romania,1971,547.5463823198198
Romania,1972,636.2416948198198
Romania,1973,467.4925394144144
Romania,1974,594.525197072072
Romania,1975,562.0290681306307
Romania,1976,556.0672860360361
Romania,1977,532.5421241554054
Romania,1978,608.3410754504505
Romania,1979,603.6369650900901
Romania,1980,660.659206081081
Romania,1981,620.4022381756756
Romania,1982,484.360571509009
Romania,1983,424.54750844594594
Romania,1984,592.6612471846847
Romania,1985,510.70470861486484
Romania,1986,430.89907094594594
Romania,1987,488.0475436373874
Romania,1988,553.6062781531532
Romania,1989,472.35627815315314
Romania,1990,411.0617257882883
Romania,1991,620.3409346846847
Romania,1992,424.9333122184685
Romania,1993,519.7894144144144
Romania,1994,444.70562359234236
Romania,1995,593.0637668918919
Romania,1996,558.6106067004505
Romania,1997,628.9817004504505
Romania,1998,595.424831081081
Romania,1999,611.1022663288288
Romania,2000,323.5700309684685
Romania,2001,563.4653012387388
Romania,2002,529.9062851914415
Romania,2003,417.6878519144144
Romania,2004,542.8516328828829
Romania,2005,710.9511542792793
Romania,2006,511.8770059121622
Romania,2007,570.7036176801802
Romania,2008,512.777027027027
Romania,2009,537.5125633445946
Romania,2010,699.5615146396397
Romania,2011,383.1712063626126
Romania,2012,513.4707207207207
Romania,2013,549.7614372184685
Romania,2014,692.2905405405405
Romania,2015,523.7236768018018
Romania,2016,678.6489301801802
Romania,2017,573.8887246621622
Romania,2018,613.4626266891892
Romania,2019,522.5986768018018
Romania,2020,541.265308277027
Romania,2021,581.5893862612612
Romania,2022,432.76463963963965
Romania,2023,521.1776815878378
Romania,2024,483.6119087837838
Serbia,1950,465.8775475543478
Serbia,1951,584.9667119565217
Serbia,1952,607.5499886775362
Serbia,1953,525.622509057971
Serbia,1954,801.7072010869565
Serbia,1955,892.8072350543479
Serbia,1956,630.0514039855072
Serbia,1957,679.2913269927536
Serbia,1958,570.5
Serbia,1959,690.9253849637681
Serbia,1960,640.3021399456521
Serbia,1961,510.0637454710145
Serbia,1962,583.427536231884
Serbia,1963,616.5999773550725
Serbia,1964,633.162307518116
Serbia,1965,606.1188858695652
Serbia,1966,691.926120923913
Serbia,1967,604.5383831521739
Serbia,1968,616.4029098731884
Serbia,1969,679.2601902173913
Serbia,1970,791.1855751811594
Serbia,1971,586.036231884058
Serbia,1972,702.643455615942
Serbia,1973,582.6854619565217
Serbia,1974,768.926120923913
Serbia,1975,691.9427649456521
Serbia,1976,695.6941802536232
Serbia,1977,711.7507359601449
Serbia,1978,699.194236865942
Serbia,1979,671.8913043478261
Serbia,1980,724.7471127717391
Serbia,1981,730.1413043478261
Serbia,1982,545.7427536231884
Serbia,1983,537.9905457427536
Serbia,1984,584.232620018116
Serbia,1985,657.8318614130435
Serbia,1986,577.1231884057971
Serbia,1987,687.123924365942
Serbia,1988,553.9094202898551
Serbia,1989,661.2572463768116
Serbia,1990,464.9275079257246
Serbia,1991,649.1253962862319
Serbia,1992,552.1231884057971
Serbia,1993,489.6616281702899
Serbia,1994,548.1543251811594
Serbia,1995,702.0803894927536
Serbia,1996,703.4891304347826
Serbia,1997,657.4333106884058
Serbia,1998,647.3478260869565
Serbia,1999,806.6600996376811
Serbia,2000,383.28192934782606
Serbia,2001,768.2159759963768
Serbia,2002,660.8876811594203
Serbia,2003,540.0746150362319
Serbia,2004,771.9716938405797
Serbia,2005,787.2818727355072
Serbia,2006,667.9427083333334
Serbia,2007,717.3441462862319
Serbia,2008,582.5760869565217
Serbia,2009,742.8136888586956
Serbia,2010,814.393455615942
Serbia,2011,435.46447576992756
Serbia,2012,573.3790194746376
Serbia,2013,632.0942028985507
Serbia,2014,962.604393115942
Serbia,2015,625.2557744565217
Serbia,2016,796.8782269021739
Serbia,2017,575.072463768116
Serbia,2018,713.7819293478261
Serbia,2019,626.2920629528985
Serbia,2020,706.5144927536232
Serbia,2021,706.2732110507246
Serbia,2022,591.0710484601449
Serbia,2023,770.7724184782609
Serbia,2024,576.5188519021739
Slovakia,1950,728.994623655914
Slovakia,1951,726.2699092741935
Slovakia,1952,826.7258064516129
Slovakia,1953,621.481686827957
Slovakia,1954,676.7440776209677
Slovakia,1955,801.1838037634409
Slovakia,1956,630.4753024193549
Slovakia,1957,679.1193296370968
Slovakia,1958,844.4139784946236
Slovakia,1959,664.741935483871
Slovakia,1960,827.0010080645161
Slovakia,1961,624.2333669354839
Slovakia,1962,741.9397681451613
Slovakia,1963,656.9247311827957
Slovakia,1964,741.7891465053764
Slovakia,1965,920.7441196236559
Slovakia,1966,888.3708837365591
Slovakia,1967,669.0472950268817
Slovakia,1968,700.127940188172
Slovakia,1969,645.4021757392474
Slovakia,1970,877.970934139785
Slovakia,1971,598.1698588709677
Slovakia,1972,732.9548051075269
Slovakia,1973,617.9484206989247
Slovakia,1974,912.9731182795699
Slovakia,1975,709.1129032258065
Slovakia,1976,748.7258064516129
Slovakia,1977,752.9935315860215
Slovakia,1978,666.1796034946236
Slovakia,1979,724.4655577956989
Slovakia,1980,808.8355174731183
Slovakia,1981,737.2666330645161
Slovakia,1982,615.3150201612904
Slovakia,1983,624.2515961021505
Slovakia,1984,722.8731518817204
Slovakia,1985,807.4451444892474
Slovakia,1986,603.7570144489247
Slovakia,1987,710.5720766129032
Slovakia,1988,704.6838877688172
Slovakia,1989,662.627940188172
Slovakia,1990,671.3860047043011
Slovakia,1991,701.0655661962365
Slovakia,1992,671.4064180107526
Slovakia,1993,632.9677419354839
Slovakia,1994,759.2688172043011
Slovakia,1995,779.9236391129032
Slovakia,1996,759.0656081989247
Slovakia,1997,718.6312163978495
Slovakia,1998,792.7354670698925
Slovakia,1999,746.9343918010753
Slovakia,2000,726.9332997311828
Slovakia,2001,832.2623487903226
Slovakia,2002,780.4386760752689
Slovakia,2003,543.763440860215
Slovakia,2004,763.1957325268817
Slovakia,2005,839.3913810483871
Slovakia,2006,684.483870967742
Slovakia,2007,771.9419522849462
Slovakia,2008,746.7612567204301
Slovakia,2009,785.5527553763441
Slovakia,2010,1094.976310483871
Slovakia,2011,580.2204301075269
Slovakia,2012,655.550529233871
Slovakia,2013,750.1312163978495
Slovakia,2014,816.487063172043
Slovakia,2015,631.4795866935484
Slovakia,2016,801.8160282258065
Slovakia,2017,783.898941532258
Slovakia,2018,652.7892305107526
Slovakia,2019,768.9516129032259
Slovakia,2020,821.1549059139785
Slovakia,2021,687.0365423387096
Slovakia,2022,604.853746639785
Slovakia,2023,926.8429099462365
Slovakia,2024,688.8247647849462
Slovenia,1950,1054.767630912162
Slovenia,1951,1268.7648859797298
Slovenia,1952,1126.2810388513512
Slovenia,1953,825.7567567567568
Slovenia,1954,1119.7567567567567
Slovenia,1955,1164.0703125
Slovenia,1956,1018.2756545608108
Slovenia,1957,990.4081503378378
Slovenia,1958,1052.4783572635135
Slovenia,1959,1272.508129222973
Slovenia,1960,1535.527027027027
Slovenia,1961,1345.4891258445946
Slovenia,1962,1534.1919341216217
Slovenia,1963,1404.6891891891892
Slovenia,1964,1422.3487119932433
Slovenia,1965,1709.8568412162163
Slovenia,1966,1392.2891680743244
Slovenia,1967,1195.232369087838
Slovenia,1968,1244.9864864864865
Slovenia,1969,1450.3215793918919
Slovenia,1970,1404.483741554054
Slovenia,1971,1057.5783361486488
Slovenia,1972,1590.510768581081
Slovenia,1973,1250.6053631756756
Slovenia,1974,1381.332347972973
Slovenia,1975,1334.6836993243244
Slovenia,1976,1312.4054054054054
Slovenia,1977,1285.9728673986488
Slovenia,1978,1301.989231418919
Slovenia,1979,1515.6107474662163
Slovenia,1980,1453.8351984797298
Slovenia,1981,1248.7487331081081
Slovenia,1982,1379.010768581081
Slovenia,1983,1044.1432643581081
Slovenia,1984,1416.3135557432433
Slovenia,1985,1394.4054054054054
Slovenia,1986,1275.1431587837837
Slovenia,1987,1436.8783783783783
Slovenia,1988,1191.918918918919
Slovenia,1989,1274.6811655405406
Slovenia,1990,1368.1053631756756
Slovenia,1991,1350.124366554054
Slovenia,1992,1332.972972972973
Slovenia,1993,1209.2027027027027
Slovenia,1994,1295.7459881756756
Slovenia,1995,1438.7242398648648
Slovenia,1996,1432.6352407094594
Slovenia,1997,1165.8108108108108
Slovenia,1998,1368.3297086148648
Slovenia,1999,1395.6541385135135
Slovenia,2000,1285.164695945946
Slovenia,2001,1214.2810388513512
Slovenia,2002,1279.7053420608108
Slovenia,2003,990.5485641891892
Slovenia,2004,1442.2810388513512
Slovenia,2005,1351.4541807432433
Slovenia,2006,1109.2622466216217
Slovenia,2007,1210.4351773648648
Slovenia,2008,1428.5513091216217
Slovenia,2009,1417.4838471283783
Slovenia,2010,1594.8973817567567
Slovenia,2011,974.2675253378378
Slovenia,2012,1304.1919341216217
Slovenia,2013,1466.2459881756756
Slovenia,2014,1800.9945101351352
Slovenia,2015,1115.1919341216217
Slovenia,2016,1401.8000422297298
Slovenia,2017,1418.956714527027
Slovenia,2018,1249.3108108108108
Slovenia,2019,1452.6566722972973
Slovenia,2020,1327.6594172297298
Slovenia,2021,1227.2054476351352
Slovenia,2022,1122.4351773648648
Slovenia,2023,1692.0080236486488
Slovenia,2024,1287.4594594594594
Spain,1950,430.0928330399061
Spain,1951,684.8948063380282
Spain,1952,532.5903755868544
Spain,1953,411.89432951877933
Spain,1954,418.0106367370892
Spain,1955,621.1858861502348
Spain,1956,541.1164539319249
Spain,1957,480.54588468309856
Spain,1958,541.0056484741784
Spain,1959,696.4262764084507
Spain,1960,758.8213028169014
Spain,1961,588.9816974765258
Spain,1962,593.9365463615023
Spain,1963,771.9000146713615
Spain,1964,472.40812059859155
Spain,1965,618.7415639671361
Spain,1966,689.9019953051643
Spain,1967,499.21046068075117
Spain,1968,568.2106807511738
Spain,1969,770.1490610328639
Spain,1970,500.384316314554
Spain,1971,673.2345950704225
Spain,1972,717.8730927230047
Spain,1973,458.69758656103284
Spain,1974,511.14862089201876
Spain,1975,543.3951731220657
Spain,1976,630.1784037558685
Spain,1977,691.8390551643192
Spain,1978,613.6961194248827
Spain,1979,695.2336414319249
Spain,1980,486.1093016431925
Spain,1981,485.3732394366197
Spain,1982,521.1029929577464
Spain,1983,474.9395539906103
Spain,1984,593.3529562793427
Spain,1985,486.4427083333333
Spain,1986,488.7453785211268
Spain,1987,610.9542253521126
Spain,1988,549.9023254107981
Spain,1989,629.9226819248827
Spain,1990,436.3446302816901
Spain,1991,461.0942634976526
Spain,1992,496.5491123826291
Spain,1993,501.3174882629108
Spain,1994,448.0786384976526
Spain,1995,468.6883802816901
Spain,1996,704.5726232394367
Spain,1997,670.0720363849765
Spain,1998,422.3313526995305
Spain,1999,499.2430677816901
Spain,2000,579.3678843896714
Spain,2001,525.7392165492957
Spain,2002,593.9109448356808
Spain,2003,607.0562279929577
Spain,2004,469.7289832746479
Spain,2005,372.45385856807513
Spain,2006,545.881455399061
Spain,2007,472.2215742370892
Spain,2008,625.5042546948357
Spain,2009,581.3333333333334
Spain,2010,746.2215375586854
Spain,2011,493.3818955399061
Spain,2012,484.6637323943662
Spain,2013,654.7239583333334
Spain,2014,622.0296361502348
Spain,2015,445.0682218309859
Spain,2016,608.5764377934272
Spain,2017,414.6620818661972
Spain,2018,716.1537558685446
Spain,2019,555.2700630868544
Spain,2020,578.8834727112676
Spain,2021,538.1616050469484
Spain,2022,509.19285504694835
Spain,2023,516.3176349765258
Spain,2024,635.1317488262911
Sweden,1950,638.2184773988897
Sweden,1951,558.0380650277558
Sweden,1952,588.8493259318002
Sweden,1953,603.8359436954797
Sweden,1954,660.8566613798572
Sweden,1955,503.0898096748612
Sweden,1956,484.38803528945283
Sweden,1957,634.4784892942109
Sweden,1958,539.7977795400476
Sweden,1959,505.2099524187153
Sweden,1960,651.679520222046
Sweden,1961,648.3637985725614
Sweden,1962,574.8078905630452
Sweden,1963,549.3371332275972
Sweden,1964,569.02260111023
Sweden,1965,601.2081681205392
Sweden,1966,650.9786875495638
Sweden,1967,686.5803925455988
Sweden,1968,529.2972839016653
Sweden,1969,501.8229579698652
Sweden,1970,590.0608148295004
Sweden,1971,558.4787371134021
Sweden,1972,558.2062846946867
Sweden,1973,573.7853885804917
Sweden,1974,665.4291237113403
Sweden,1975,539.4290245836637
Sweden,1976,463.4901863600317
Sweden,1977,657.2175852498018
Sweden,1978,553.6232157018239
Sweden,1979,655.40513481364
Sweden,1980,571.3468973037272
Sweden,1981,665.6435368754957
Sweden,1982,565.3409000793022
Sweden,1983,636.8671193497224
Sweden,1984,632.6455194290246
Sweden,1985,698.5154639175257
Sweden,1986,628.5220559080095
Sweden,1987,680.6852696272799
Sweden,1988,656.1728291038858
Sweden,1989,587.7051447264076
Sweden,1990,666.5146708961142
Sweden,1991,588.9261498810467
Sweden,1992,662.3668219666931
Sweden,1993,679.5743457573354
Sweden,1994,551.8847145122918
Sweden,1995,617.9541534496432
Sweden,1996,557.8542823156225
Sweden,1997,574.4113302934179
Sweden,1998,773.6016554321967
Sweden,1999,668.1395222045995
Sweden,2000,820.9940027755749
Sweden,2001,710.8697957969865
Sweden,2002,569.2756740681998
Sweden,2003,584.2188243457573
Sweden,2004,649.5336042823157
Sweden,2005,645.3936855670103
Sweden,2006,692.064928628073
Sweden,2007,647.9910289452815
Sweden,2008,693.3161181601903
Sweden,2009,645.8174068199842
Sweden,2010,629.1380352894528
Sweden,2011,734.9418120539254
Sweden,2012,751.6111716891356
Sweden,2013,588.1822462331482
Sweden,2014,622.9401268834258
Sweden,2015,710.7390959555908
Sweden,2016,589.1479480570976
Sweden,2017,669.5814829500397
Sweden,2018,517.8546788263283
Sweden,2019,681.0490681998414
Sweden,2020,698.9099425059477
Sweden,2021,661.5014869151468
Sweden,2022,603.960547184774
Sweden,2023,733.4054817605075
Sweden,2024,698.9733346550357
Switzerland,1950,1391.905635533708
Switzerland,1951,1485.1976825842696
Switzerland,1952,1585.112359550562
Switzerland,1953,947.6325491573034
Switzerland,1954,1339.1876755617977
Switzerland,1955,1253.7460498595506
Switzerland,1956,1214.594364466292
Switzerland,1957,1170.9887640449438
Switzerland,1958,1358.1932935393259
Switzerland,1959,1008.5179950842696
Switzerland,1960,1407.6437851123596
Switzerland,1961,1118.715765449438
Switzerland,1962,1088.956109550562
Switzerland,1963,1183.5280898876404
Switzerland,1964,1035.7887991573034
Switzerland,1965,1648.9922752808989
Switzerland,1966,1485.3922050561798
Switzerland,1967,1235.762903792135
Switzerland,1968,1464.4101123595506
Switzerland,1969,1227.370786516854
Switzerland,1970,1561.7505266853932
Switzerland,1971,1054.532654494382
Switzerland,1972,1154.3663096910113
Switzerland,1973,1240.0337078651685
Switzerland,1974,1364.3282127808989
Switzerland,1975,1227.857268258427
Switzerland,1976,1108.6336025280898
Switzerland,1977,1523.7022471910113
Switzerland,1978,1265.2483321629213
Switzerland,1979,1419.3134655898875
Switzerland,1980,1267.5359901685392
Switzerland,1981,1556.5628511235955
Switzerland,1982,1254.8910639044943
Switzerland,1983,1192.6337780898875
Switzerland,1984,1222.814606741573
Switzerland,1985,1126.1134129213483
Switzerland,1986,1388.594364466292
Switzerland,1987,1428.1033181179776
Switzerland,1988,1469.2809866573034
Switzerland,1989,1029.376404494382
Switzerland,1990,1268.4629564606741
Switzerland,1991,1086.9416257022472
Switzerland,1992,1295.3505969101125
Switzerland,1993,1303.0100070224719
Switzerland,1994,1321.0403792134832
Switzerland,1995,1465.731390449438
Switzerland,1996,1215.233672752809
Switzerland,1997,1194.2629915730338
Switzerland,1998,1188.059515449438
Switzerland,1999,1672.3807935393259
Switzerland,2000,1393.602264747191
Switzerland,2001,1485.4504915730338
Switzerland,2002,1584.1999648876404
Switzerland,2003,954.6887289325842
Switzerland,2004,1162.9606741573034
Switzerland,2005,1054.5674157303372
Switzerland,2006,1226.8887816011236
Switzerland,2007,1375.8247015449438
Switzerland,2008,1347.443820224719
Switzerland,2009,1148.7921348314608
Switzerland,2010,1213.7101474719102
Switzerland,2011,1061.1686271067415
Switzerland,2012,1365.4067766853932
Switzerland,2013,1268.7752808988764
Switzerland,2014,1283.5786516853932
Switzerland,2015,1063.4067766853932
Switzerland,2016,1282.3315484550562
Switzerland,2017,1204.152738764045
Switzerland,2018,1163.3056530898875
Switzerland,2019,1309.2865168539327
Switzerland,2020,1113.4101123595506
Switzerland,2021,1279.384304775281
Switzerland,2022,1036.7460498595506
Switzerland,2023,1411.9887640449438
Switzerland,2024,1398.3078476123596
Ukraine,1950,405.11976847729295
Ukraine,1951,363.145035618878
Ukraine,1952,543.3933103294746
Ukraine,1953,391.8899710596616
Ukraine,1954,426.51024042742654
Ukraine,1955,539.8714381121995
Ukraine,1956,473.8190115761353
Ukraine,1957,388.3770035618878
Ukraine,1958,543.5950578806768
Ukraine,1959,410.5219000445236
Ukraine,1960,561.6325690115762
Ukraine,1961,382.79777938557436
Ukraine,1962,496.741874443455
Ukraine,1963,415.77521148708814
Ukraine,1964,470.36954585930545
Ukraine,1965,527.8397150489759
Ukraine,1966,665.8200133570792
Ukraine,1967,498.6047417631345
Ukraine,1968,537.6044078361532
Ukraine,1969,561.9743432769368
Ukraine,1970,654.8699910952805
Ukraine,1971,536.6157056990205
Ukraine,1972,464.22732079252006
Ukraine,1973,541.4784060552092
Ukraine,1974,560.9658837934105
Ukraine,1975,413.74415627782724
Ukraine,1976,560.3906389136242
Ukraine,1977,609.9631567230632
Ukraine,1978,582.182212822796
Ukraine,1979,513.0435218165628
Ukraine,1980,679.5129674977738
Ukraine,1981,624.6453695458594
Ukraine,1982,451.1323463935886
Ukraine,1983,448.4311832146037
Ukraine,1984,493.1915627782725
Ukraine,1985,580.4897039180765
Ukraine,1986,444.9361642920748
Ukraine,1987,495.60808103294744
Ukraine,1988,595.0086821015138
Ukraine,1989,501.49610418521814
Ukraine,1990,501.26747551202135
Ukraine,1991,488.1076357969724
Ukraine,1992,505.0230409617097
Ukraine,1993,540.8559661620659
Ukraine,1994,442.1349621549421
Ukraine,1995,582.8733303650935
Ukraine,1996,530.9913178984862
Ukraine,1997,653.5426313446127
Ukraine,1998,581.5522039180765
Ukraine,1999,514.9785173642031
Ukraine,2000,521.0919412288513
Ukraine,2001,610.8535173642031
Ukraine,2002,515.8456700801424
Ukraine,2003,495.4536954585931
Ukraine,2004,617.9668299198576
Ukraine,2005,567.0427983081033
Ukraine,2006,528.7764915405164
Ukraine,2007,508.2659728406055
Ukraine,2008,570.2754341050756
Ukraine,2009,530.6638468388246
Ukraine,2010,638.677983081033
Ukraine,2011,435.1150378450579
Ukraine,2012,559.3088824577026
Ukraine,2013,554.764804096171
Ukraine,2014,498.08982635796974
Ukraine,2015,462.6225512021371
Ukraine,2016,614.6098619768477
Ukraine,2017,496.73241317898487
Ukraine,2018,532.4108414959928
Ukraine,2019,435.06019033837936
Ukraine,2020,481.7383125556545
Ukraine,2021,552.1415293855744
Ukraine,2022,531.718054318789
Ukraine,2023,550.9729519145147
Ukraine,2024,463.9198018699911
United Kingdom,1950,873.8546220400729
United Kingdom,1951,888.9082422586521
United Kingdom,1952,752.7494307832422
United Kingdom,1953,678.2838114754098
United Kingdom,1954,974.3779599271403
United Kingdom,1955,649.1541438979964
United Kingdom,1956,762.3734061930784
United Kingdom,1957,785.016393442623
United Kingdom,1958,848.6400273224044
United Kingdom,1959,699.0530510018215
United Kingdom,1960,876.2184653916212
United Kingdom,1961,860.7994080145719
United Kingdom,1962,810.1316598360655
United Kingdom,1963,795.8395377959927
United Kingdom,1964,720.1737249544626
United Kingdom,1965,900.0278916211294
United Kingdom,1966,949.2034949908925
United Kingdom,1967,950.3767076502733
United Kingdom,1968,842.6602914389799
United Kingdom,1969,786.8238843351548
United Kingdom,1970,879.383822859745
United Kingdom,1971,733.1976320582878
United Kingdom,1972,779.6211293260474
United Kingdom,1973,729.6768556466302
United Kingdom,1974,938.1396857923497
United Kingdom,1975,720.3992486338798
United Kingdom,1976,765.5557263205828
United Kingdom,1977,877.429929417122
United Kingdom,1978,848.7720856102004
United Kingdom,1979,943.2679303278688
United Kingdom,1980,921.0326730418943
United Kingdom,1981,930.0778119307832
United Kingdom,1982,959.4748406193079
United Kingdom,1983,877.0308515482695
United Kingdom,1984,866.414048269581
United Kingdom,1985,884.3333333333334
United Kingdom,1986,979.5604508196722
United Kingdom,1987,841.061760018215
United Kingdom,1988,937.7116347905283
United Kingdom,1989,828.6209016393443
United Kingdom,1990,963.055214025501
United Kingdom,1991,804.5376821493625
United Kingdom,1992,968.849043715847
United Kingdom,1993,925.318306010929
United Kingdom,1994,965.3225182149363
United Kingdom,1995,827.9373292349727
United Kingdom,1996,728.5038706739526
United Kingdom,1997,835.8161999089253
United Kingdom,1998,1040.0375683060108
United Kingdom,1999,1016.9105191256831
United Kingdom,2000,1089.5728597449909
United Kingdom,2001,808.712204007286
United Kingdom,2002,988.8683970856102
United Kingdom,2003,683.3548497267759
United Kingdom,2004,918.1034836065573
United Kingdom,2005,805.7301912568306
United Kingdom,2006,911.9969262295082
United Kingdom,2007,953.9676115664845
United Kingdom,2008,1051.7743624772313
United Kingdom,2009,958.7597905282331
United Kingdom,2010,732.8952641165756
United Kingdom,2011,928.7945696721312
United Kingdom,2012,1064.0009107468125
United Kingdom,2013,864.7506261384335
United Kingdom,2014,1045.975295992714
United Kingdom,2015,1040.1114526411657
United Kingdom,2016,910.6905168488161
United Kingdom,2017,911.5029030054645
United Kingdom,2018,854.7046903460838
United Kingdom,2019,1012.4610655737705
United Kingdom,2020,1070.9603825136612
United Kingdom,2021,857.9204804189435
United Kingdom,2022,825.6586407103825
United Kingdom,2023,1040.3590619307834
United Kingdom,2024,995.4969262295082
