country,year,rr_anomaly_mm
Austria,1950,-78.85501302083333
Austria,1951,-70.03567708333333
Austria,1952,43.98746744791674
Austria,1953,-204.58499348958333
Austria,1954,128.81940104166665
Austria,1955,-15.37571614583328
Austria,1956,-6.47434895833328
Austria,1957,-28.801302083333326
Austria,1958,122.61490885416674
Austria,1959,-31.636848958333303
Austria,1960,59.25690104166665
Austria,1961,-50.41184895833328
Austria,1962,15.930533854166697
Austria,1963,-121.33626302083326
Austria,1964,39.63873697916665
Austria,1965,214.90875651041665
Austria,1966,222.66617838541674
Austria,1967,-25.881184895833258
Austria,1968,-71.52317708333328
Austria,1969,-151.4737630208333
Austria,1970,148.42877604166665
Austria,1971,-261.3293782552083
Austria,1972,-49.55305989583326
Austria,1973,-81.7305989583333
Austria,1974,-21.976888020833258
Austria,1975,-67.21809895833326
Austria,1976,-148.48567708333326
Austria,1977,-97.5050130208333
Austria,1978,-172.91067708333333
Austria,1979,75.21246744791665
Austria,1980,-50.58430989583326
Austria,1981,2.825651041666788
Austria,1982,-112.68509114583333
Austria,1983,-136.08626302083326
Austria,1984,-137.26692708333326
Austria,1985,27.852408854166697
Austria,1986,-96.52561848958328
Austria,1987,87.10807291666674
Austria,1988,39.68990885416679
Austria,1989,-56.21751302083328
Austria,1990,-47.544466145833326
Austria,1991,-53.944368489583326
Austria,1992,-81.26878255208328
Austria,1993,-25.11321614583335
Austria,1994,-94.01438802083328
Austria,1995,36.48444010416665
Austria,1996,60.8255533854167
Austria,1997,12.405631510416697
Austria,1998,24.798111979166606
Austria,1999,59.93121744791665
Austria,2000,86.9061197916667
Austria,2001,-12.499348958333258
Austria,2002,158.0125651041667
Austria,2003,-213.10374348958328
Austria,2004,-43.99251302083326
Austria,2005,71.81510416666674
Austria,2006,-25.672493489583303
Austria,2007,94.1356119791667
Austria,2008,-15.680013020833258
Austria,2009,115.31510416666674
Austria,2010,7.8530924479166515
Austria,2011,-166.3780598958333
Austria,2012,60.46940104166674
Austria,2013,18.487467447916742
Austria,2014,77.63873697916665
Austria,2015,-171.68059895833335
Austria,2016,73.7580729166666
Austria,2017,28.535611979166788
Austria,2018,-87.88997395833326
Austria,2019,-33.13128255208335
Austria,2020,36.9969401041667
Austria,2021,-116.41380208333328
Austria,2022,-147.50384114583335
Austria,2023,154.7519205729168
Austria,2024,70.7356119791666
Belgium,1950,57.63913507513678
Belgium,1951,104.20963968579235
Belgium,1952,128.6849854849728
Belgium,1953,-241.7837645150272
Belgium,1954,-19.447698941256704
Belgium,1955,-144.64775017076488
Belgium,1956,-0.30022199453537723
Belgium,1957,29.439147882513794
Belgium,1958,55.70803876366131
Belgium,1959,-263.33300887978123
Belgium,1960,143.4390838456286
Belgium,1961,117.84571806693998
Belgium,1962,-18.11329832650256
Belgium,1963,-149.49367742486322
Belgium,1964,-86.4476989412567
Belgium,1965,250.84085126366108
Belgium,1966,283.5292477800547
Belgium,1967,-65.30835467896156
Belgium,1968,-28.165808572404217
Belgium,1969,-47.55592127732223
Belgium,1970,18.601417349726944
Belgium,1971,-199.30182291666654
Belgium,1972,-110.15761185109272
Belgium,1973,-142.3034878756829
Belgium,1974,175.15885843579235
Belgium,1975,-117.42317281420753
Belgium,1976,-314.2247865437157
Belgium,1977,17.706373804644954
Belgium,1978,-102.74278090846985
Belgium,1979,44.8375213456286
Belgium,1980,52.729299009562965
Belgium,1981,191.5521729849728
Belgium,1982,17.071896345628602
Belgium,1983,-18.73458418715836
Belgium,1984,117.81293118169413
Belgium,1985,-90.10843152322389
Belgium,1986,61.57682718579247
Belgium,1987,82.56049778005479
Belgium,1988,147.77354849726794
Belgium,1989,-107.21658982240422
Belgium,1990,-72.11822916666654
Belgium,1991,-115.8264771174862
Belgium,1992,39.475200648907276
Belgium,1993,41.45714224726794
Belgium,1994,43.7161074112023
Belgium,1995,24.832526468579317
Belgium,1996,-168.9789489412567
Belgium,1997,-77.73791410519107
Belgium,1998,164.69977800546474
Belgium,1999,114.27361253415313
Belgium,2000,142.44574368169413
Belgium,2001,201.53577954234993
Belgium,2002,222.60801314890705
Belgium,2003,-145.2297173838797
Belgium,2004,-9.26083931010919
Belgium,2005,-84.53626195355173
Belgium,2006,1.9915940915301462
Belgium,2007,100.27194757513678
Belgium,2008,51.96700392759578
Belgium,2009,-35.73138234289604
Belgium,2010,-26.41004525273206
Belgium,2011,-107.14941512978123
Belgium,2012,79.48013148907114
Belgium,2013,-61.93463541666654
Belgium,2014,6.26368681693998
Belgium,2015,-45.614963285519025
Belgium,2016,2.3161330259564465
Belgium,2017,-71.5493895150272
Belgium,2018,-178.16901041666654
Belgium,2019,-40.447762978141895
Belgium,2020,-68.75763746584687
Belgium,2021,76.2080387636612
Belgium,2022,-188.2051272199452
Belgium,2023,147.9735356898908
Belgium,2024,170.3375213456286
Bulgaria,1950,-186.59462454359965
Bulgaria,1951,-109.10392705648627
Bulgaria,1952,-17.782728602878024
Bulgaria,1953,-51.16111133483679
Bulgaria,1954,92.00947500536938
Bulgaria,1955,158.60644665485393
Bulgaria,1956,26.161577131658078
Bulgaria,1957,77.54922210588484
Bulgaria,1958,-107.3136967085481
Bulgaria,1959,-25.89153981421822
Bulgaria,1960,63.005890920317825
Bulgaria,1961,-48.284299157001726
Bulgaria,1962,-25.07501275236251
Bulgaria,1963,7.513663149699255
Bulgaria,1964,-27.150318809063606
Bulgaria,1965,-78.63843897658938
Bulgaria,1966,94.25846823990548
Bulgaria,1967,-62.91630624463062
Bulgaria,1968,-79.99310231421822
Bulgaria,1969,53.26052204145185
Bulgaria,1970,15.606366113616787
Bulgaria,1971,73.62597790485393
Bulgaria,1972,68.95595535330756
Bulgaria,1973,-22.774996644115163
Bulgaria,1974,-105.51267383483679
Bulgaria,1975,-100.629659981744
Bulgaria,1976,-28.24100824205334
Bulgaria,1977,-106.8606119791666
Bulgaria,1978,-32.19977112865121
Bulgaria,1979,-64.61109522658938
Bulgaria,1980,0.9744395672250903
Bulgaria,1981,-36.30697151524913
Bulgaria,1982,-25.29356139926972
Bulgaria,1983,-79.64923150236251
Bulgaria,1984,-73.1497550204038
Bulgaria,1985,-168.51730495597081
Bulgaria,1986,-120.93172989153783
Bulgaria,1987,-12.263197352878024
Bulgaria,1988,-68.53687647658938
Bulgaria,1989,-101.89000953071309
Bulgaria,1990,-158.79207138638316
Bulgaria,1991,-42.914735690506916
Bulgaria,1992,-169.00546539411522
Bulgaria,1993,-152.4487643631873
Bulgaria,1994,-104.96265772658938
Bulgaria,1995,16.264146397121976
Bulgaria,1996,-47.28071507195011
Bulgaria,1997,-18.760579762671853
Bulgaria,1998,-51.705972803908935
Bulgaria,1999,-62.93688453071309
Bulgaria,2000,-281.9296559546821
Bulgaria,2001,-159.8538867858677
Bulgaria,2002,106.08627107495704
Bulgaria,2003,34.441498201245736
Bulgaria,2004,11.38012577856523
Bulgaria,2005,256.3409827373282
Bulgaria,2006,-31.23428304875432
Bulgaria,2007,96.17857133268899
Bulgaria,2008,-105.90128530390894
Bulgaria,2009,80.03995986361679
Bulgaria,2010,201.53581198990548
Bulgaria,2011,-79.52193607710484
Bulgaria,2012,22.775422170317825
Bulgaria,2013,-6.177098770403745
Bulgaria,2014,338.9579286136168
Bulgaria,2015,78.26052204145185
Bulgaria,2016,19.173899940936394
Bulgaria,2017,40.79507423217353
Bulgaria,2018,91.70639833011171
Bulgaria,2019,-60.44775759772341
Bulgaria,2020,-18.854933821950112
Bulgaria,2021,121.14703943835912
Bulgaria,2022,-124.27451339669244
Bulgaria,2023,-22.86991449205334
Bulgaria,2024,-48.55439419566153
Croatia,1950,-112.80490159254816
Croatia,1951,-5.186662409855899
Croatia,1952,-90.36064077524054
Croatia,1953,-362.58280874399054
Croatia,1954,-106.7511155348559
Croatia,1955,113.40843975360565
Croatia,1956,-197.31932466947126
Croatia,1957,-186.80587815504816
Croatia,1958,-161.91743164062507
Croatia,1959,59.00759840745195
Croatia,1960,149.97296799879803
Croatia,1961,-105.264562049279
Croatia,1962,53.043205378605535
Croatia,1963,20.589329176682554
Croatia,1964,78.88455153245195
Croatia,1965,99.08737605168255
Croatia,1966,144.22589768629803
Croatia,1967,-110.8087327223559
Croatia,1968,-104.34050856370197
Croatia,1969,122.37102989783637
Croatia,1970,-5.115448467548049
Croatia,1971,-227.90398512620197
Croatia,1972,81.90558518629791
Croatia,1973,-235.1222092848559
Croatia,1974,150.02870718149018
Croatia,1975,-89.78476938100971
Croatia,1976,47.92293795072112
Croatia,1977,-39.98857046274054
Croatia,1978,-19.82315579927888
Croatia,1979,79.33452148437493
Croatia,1980,122.66813025841304
Croatia,1981,50.34796799879791
Croatia,1982,-77.15586313100971
Croatia,1983,-285.17900015024054
Croatia,1984,85.14409179687493
Croatia,1985,-93.70018404447126
Croatia,1986,-84.46836313100971
Croatia,1987,-10.960700871394465
Croatia,1988,-141.21648512620197
Croatia,1989,-124.00201697716352
Croatia,1990,-143.97610051081745
Croatia,1991,-55.67704702524054
Croatia,1992,-84.41938476562507
Croatia,1993,-35.22895507812507
Croatia,1994,-69.49150015024054
Croatia,1995,130.94599984975946
Croatia,1996,84.89116210937493
Croatia,1997,-104.452062049279
Croatia,1998,11.720038311297913
Croatia,1999,108.59608999399018
Croatia,2000,-190.96550856370197
Croatia,2001,-17.848170823317446
Croatia,2002,2.4335298978363653
Croatia,2003,-279.69432466947126
Croatia,2004,117.80469876802874
Croatia,2005,121.26533578725946
Croatia,2006,-96.3761155348559
Croatia,2007,-50.96933969350971
Croatia,2008,-55.36650015024054
Croatia,2009,-5.832846304086615
Croatia,2010,347.29605994591304
Croatia,2011,-347.90109299879816
Croatia,2012,-77.9866924579328
Croatia,2013,191.42105994591304
Croatia,2014,373.8199481670673
Croatia,2015,-60.33570087139435
Croatia,2016,53.979728816105535
Croatia,2017,-15.299192457932804
Croatia,2018,-38.222194260817446
Croatia,2019,106.99310021033637
Croatia,2020,-65.10012394831745
Croatia,2021,-42.3761155348559
Croatia,2022,-91.65683969350971
Croatia,2023,235.49993614783637
Croatia,2024,24.7527907151441
Czechia,1950,-4.798042880879393
Czechia,1951,-100.50174303425365
Czechia,1952,33.927704818507095
Czechia,1953,-163.77048344836413
Czechia,1954,64.07000734918188
Czechia,1955,36.8166522878322
Czechia,1956,30.851017701942624
Czechia,1957,9.451621612985605
Czechia,1958,118.70373050869114
Czechia,1959,-142.8533055342536
Czechia,1960,66.63936126022486
Czechia,1961,-1.5434416538855658
Czechia,1962,-48.00294127045004
Czechia,1963,-84.16494280419238
Czechia,1964,-28.310983831799717
Czechia,1965,135.4203716129856
Czechia,1966,155.46580872954996
Czechia,1967,27.016086720347516
Czechia,1968,6.093972073108262
Czechia,1969,-111.22566941462173
Czechia,1970,67.53813426635986
Czechia,1971,-90.36984119376291
Czechia,1972,-98.04531090235184
Czechia,1973,-131.46373498210642
Czechia,1974,99.95536010991816
Czechia,1975,-63.260609982106416
Czechia,1976,-71.37295660787333
Czechia,1977,116.63940918967273
Czechia,1978,-60.125688586400884
Czechia,1979,47.14420213445794
Czechia,1980,26.428950984151243
Czechia,1981,151.4000974565439
Czechia,1982,-136.79866596370152
Czechia,1983,-87.43919510480578
Czechia,1984,-48.730558218302804
Czechia,1985,13.802561030163474
Czechia,1986,31.740588254089857
Czechia,1987,77.06085282464198
Czechia,1988,17.136293775562308
Czechia,1989,-103.60603751278131
Czechia,1990,-94.32751949130886
Czechia,1991,-89.88460346370152
Czechia,1992,-72.52134617842546
Czechia,1993,-7.4398661170757805
Czechia,1994,-17.910341577198437
Czechia,1995,107.55227345347635
Czechia,1996,19.08783710378316
Czechia,1997,48.588412257157415
Czechia,1998,39.105618928936565
Czechia,1999,-47.29684464468312
Czechia,2000,9.00434400562358
Czechia,2001,110.6000591129856
Czechia,2002,160.5639682387524
Czechia,2003,-173.7477648900819
Czechia,2004,-24.33672194529663
Czechia,2005,27.295179895194224
Czechia,2006,8.982871612985605
Czechia,2007,55.371291858384325
Czechia,2008,-65.6539190311862
Czechia,2009,50.48661010991816
Czechia,2010,171.48843142893656
Czechia,2011,-53.19130400051131
Czechia,2012,6.63442452709603
Czechia,2013,42.63202805470337
Czechia,2014,-25.483961209100244
Czechia,2015,-138.19993130112482
Czechia,2016,-37.20486803425365
Czechia,2017,8.43197053936592
Czechia,2018,-168.03059656186105
Czechia,2019,-35.710379920756736
Czechia,2020,90.78712774795497
Czechia,2021,7.0264394810837985
Czechia,2022,-51.80973766615557
Czechia,2023,54.65896440439667
Czechia,2024,85.7633068123721
Denmark,1950,77.01557052508497
Denmark,1951,26.642085193452317
Denmark,1952,-37.61405319940479
Denmark,1953,-66.42324484481298
Denmark,1954,81.35429820365641
Denmark,1955,-136.386454347364
Denmark,1956,-136.41499388818033
Denmark,1957,-69.09667437287419
Denmark,1958,1.6951783056972545
Denmark,1959,-148.14972762542521
Denmark,1960,0.5400443771258097
Denmark,1961,1.282909491921714
Denmark,1962,-51.77321295705792
Denmark,1963,-33.64358923256805
Denmark,1964,-104.0272786458334
Denmark,1965,-23.086510150935396
Denmark,1966,49.88698315263605
Denmark,1967,83.19828736181967
Denmark,1968,-4.27831499787419
Denmark,1969,-151.82016767644564
Denmark,1970,12.537015040391111
Denmark,1971,-120.64362909226196
Denmark,1972,-130.02628215348642
Denmark,1973,-124.08033189838443
Denmark,1974,-9.6946096407313
Denmark,1975,-174.20074803358847
Denmark,1976,-192.90993170705786
Denmark,1977,-36.53955543154768
Denmark,1978,-62.931336362670095
Denmark,1979,22.29518627763605
Denmark,1980,108.9380035607993
Denmark,1981,76.09106478528906
Denmark,1982,-31.77317309736395
Denmark,1983,9.613505792942078
Denmark,1984,-40.15893521471094
Denmark,1985,-8.932412574404793
Denmark,1986,-78.60990779124154
Denmark,1987,-0.8262263499150322
Denmark,1988,50.436010576105446
Denmark,1989,-150.03748272746606
Denmark,1990,58.74715534651352
Denmark,1991,-91.58850313562925
Denmark,1992,-49.97522188562925
Denmark,1993,-15.555858046343587
Denmark,1994,69.32073634141148
Denmark,1995,-97.492560852466
Denmark,1996,-209.50180830144564
Denmark,1997,-125.89155638818033
Denmark,1998,65.64822358630943
Denmark,1999,123.86665470875846
Denmark,2000,2.7757746067176186
Denmark,2001,-15.857914806547683
Denmark,2002,49.824802030187016
Denmark,2003,-101.69054395195582
Denmark,2004,26.23188908375846
Denmark,2005,-91.97111633715997
Denmark,2006,48.813521736819666
Denmark,2007,58.598239530187016
Denmark,2008,19.320656622023762
Denmark,2009,-19.63031595450684
Denmark,2010,-39.65287654124154
Denmark,2011,26.186010576105446
Denmark,2012,67.4900603210034
Denmark,2013,-50.051712638180334
Denmark,2014,84.94310560161557
Denmark,2015,141.38602651998292
Denmark,2016,-27.484429474915032
Denmark,2017,83.17979246386051
Denmark,2018,-115.91200441113955
Denmark,2019,150.48392192814617
Denmark,2020,34.18700706845232
Denmark,2021,2.15739131590135
Denmark,2022,-31.822160661139492
Denmark,2023,203.56659093324822
Denmark,2024,157.37367001488087
Estonia,1950,-60.506247632575764
Estonia,1951,-184.80354876893938
Estonia,1952,33.78643702651516
Estonia,1953,-117.91171638257566
Estonia,1954,-24.67989820075752
Estonia,1955,-154.11988399621208
Estonia,1956,-51.64538115530297
Estonia,1957,-4.226205018939368
Estonia,1958,-142.2726183712121
Estonia,1959,-139.02989820075754
Estonia,1960,-93.26349195075755
Estonia,1961,-77.73806581439385
Estonia,1962,36.83380918560613
Estonia,1963,-166.570771780303
Estonia,1964,-208.79896780303028
Estonia,1965,-175.0644152462121
Estonia,1966,13.343752367424258
Estonia,1967,-8.145310132575673
Estonia,1968,-97.36714962121209
Estonia,1969,-103.3872135416666
Estonia,1970,-84.54626893939388
Estonia,1971,-81.07169507575748
Estonia,1972,-52.470807291666574
Estonia,1973,-31.620771780303016
Estonia,1974,-26.32169507575759
Estonia,1975,-98.79808001893934
Estonia,1976,-151.50443655303025
Estonia,1977,23.099292140151533
Estonia,1978,129.18380918560615
Estonia,1979,-58.12442945075759
Estonia,1980,-18.068072916666665
Estonia,1981,166.11101089015153
Estonia,1982,-87.04172348484838
Estonia,1983,17.140059185606106
Estonia,1984,-14.640800189393872
Estonia,1985,8.589206912878808
Estonia,1986,30.521025094697052
Estonia,1987,26.962786458333426
Estonia,1988,26.62287168560613
Estonia,1989,-18.581709280303016
Estonia,1990,136.77741714015156
Estonia,1991,27.256536458333358
Estonia,1992,-57.582597064393894
Estonia,1993,10.647445549242434
Estonia,1994,-10.418960700757566
Estonia,1995,2.451955492424304
Estonia,1996,-100.48078598484847
Estonia,1997,8.452843276515182
Estonia,1998,112.32919270833338
Estonia,1999,-34.09165246212115
Estonia,2000,-23.26082859848475
Estonia,2001,79.91647964015158
Estonia,2002,-112.03898910984844
Estonia,2003,8.060158617424236
Estonia,2004,65.51193418560615
Estonia,2005,-43.1807859848484
Estonia,2006,-158.36352746212117
Estonia,2007,26.759235321969754
Estonia,2008,162.88920691287888
Estonia,2009,72.44375236742428
Estonia,2010,68.48828361742426
Estonia,2011,-42.27535274621209
Estonia,2012,138.56108191287888
Estonia,2013,-123.24893229166662
Estonia,2014,-67.21445075757572
Estonia,2015,-51.45081439393937
Estonia,2016,84.87919270833333
Estonia,2017,59.40369554924246
Estonia,2018,-156.29808001893934
Estonia,2019,21.244675662878876
Estonia,2020,30.610087594697006
Estonia,2021,-49.42535274621207
Estonia,2022,-113.52535274621209
Estonia,2023,16.72826941287883
Estonia,2024,-19.59442234848484
Finland,1950,-114.21025390625005
Finland,1951,-118.12279052734374
Finland,1952,-29.360766601562545
Finland,1953,-90.82277221679692
Finland,1954,26.529980468749955
Finland,1955,-82.90883178710942
Finland,1956,-166.86583251953124
Finland,1957,18.239941406249955
Finland,1958,-140.40013427734374
Finland,1959,-137.9975463867188
Finland,1960,-115.5429565429688
Finland,1961,6.7479980468749545
Finland,1962,-5.2639038085937955
Finland,1963,-111.01335449218755
Finland,1964,-88.94365234375005
Finland,1965,-37.835559082031295
Finland,1966,-34.748706054687545
Finland,1967,8.293896484374955
Finland,1968,-83.50938720703124
Finland,1969,-153.31087036132817
Finland,1970,-80.9886352539063
Finland,1971,-90.30543823242192
Finland,1972,-71.65968627929692
Finland,1973,-90.44319458007817
Finland,1974,102.47919921874995
Finland,1975,-79.65632934570317
Finland,1976,-163.59154052734374
Finland,1977,-6.8381225585937955
Finland,1978,-162.92982788085942
Finland,1979,-15.479479980468795
Finland,1980,-98.73402709960942
Finland,1981,89.3474243164062
Finland,1982,-55.306201171875045
Finland,1983,34.892590332031205
Finland,1984,-19.481738281250045
Finland,1985,-35.080493164062545
Finland,1986,-31.010058593750045
Finland,1987,-36.873828125000045
Finland,1988,1.6029174804687045
Finland,1989,-10.770190429687545
Finland,1990,-72.6132690429688
Finland,1991,4.5196044921874545
Finland,1992,75.89521484374995
Finland,1993,-60.382556152343795
Finland,1994,-52.324023437500045
Finland,1995,-13.441088867187545
Finland,1996,-43.405444335937545
Finland,1997,-80.64689941406255
Finland,1998,103.04755859374995
Finland,1999,-25.441943359375045
Finland,2000,51.765942382812455
Finland,2001,-19.856616210937545
Finland,2002,-93.21928710937505
Finland,2003,-58.022998046875045
Finland,2004,53.589428710937455
Finland,2005,30.140087890624955
Finland,2006,-70.81614990234374
Finland,2007,47.858532714843705
Finland,2008,94.6880004882812
Finland,2009,-100.15611572265624
Finland,2010,-44.708300781250045
Finland,2011,49.453442382812455
Finland,2012,112.20368652343745
Finland,2013,-24.347277832031295
Finland,2014,-42.905444335937545
Finland,2015,86.39863281249995
Finland,2016,32.958569335937455
Finland,2017,10.997387695312455
Finland,2018,-112.21104736328124
Finland,2019,10.098645019531205
Finland,2020,78.27045898437495
Finland,2021,21.643200683593705
Finland,2022,-29.699389648437545
Finland,2023,70.68549804687495
Finland,2024,19.033642578124955
France,1950,-46.57693793817714
France,1951,117.29119064690894
France,1952,52.05977334289355
France,1953,-282.6347773263225
France,1954,-82.08757369343527
France,1955,-84.77567120777564
France,1956,-120.05949051943912
France,1957,-109.83864921924794
France,1958,96.16732592415553
France,1959,-52.65246375079664
France,1960,169.61181684193753
France,1961,-82.72607751752707
France,1962,-114.10884520395155
France,1963,10.727674872530315
France,1964,-165.01557321542384
France,1965,137.5344984862969
France,1966,104.97361177501591
France,1967,-115.64117072976421
France,1968,37.8572159815169
France,1969,-7.652463750796642
France,1970,-35.284872928617006
France,1971,-93.98247092096881
France,1972,-44.95295371255577
France,1973,-139.4764360261313
France,1974,34.633506612492056
France,1975,-71.90276250796683
France,1976,-121.5562041905672
France,1977,122.38990001593368
France,1978,-13.46741355959216
France,1979,135.06855680369654
France,1980,6.396412922243485
France,1981,134.28533500637332
France,1982,65.22922840981516
France,1983,-28.307578473550052
France,1984,77.5300768801784
France,1985,-154.687717096877
France,1986,37.88135556086684
France,1987,18.782885197578025
France,1988,71.91445785532187
France,1989,-190.26097235500322
France,1990,-67.45863009878906
France,1991,-146.37366355959216
France,1992,50.29411846717653
France,1993,51.05140814212871
France,1994,146.2951939929893
France,1995,57.53252668897392
France,1996,3.662904318036908
France,1997,-49.29491116953477
France,1998,-11.932578473550052
France,1999,151.56120737731055
France,2000,138.28037563734858
France,2001,83.33062659337156
France,2002,85.32913280752075
France,2003,-119.76115160930533
France,2004,-55.10346757488844
France,2005,-178.37754740280434
France,2006,-33.993285930529055
France,2007,-10.960183636073907
France,2008,87.1467714308477
France,2009,-56.657124362651416
France,2010,-13.039473789037629
France,2011,-141.15461480242197
France,2012,3.288083572339019
France,2013,98.55140814212871
France,2014,91.3882867272149
France,2015,-142.66895514659018
France,2016,-4.396667861695391
France,2017,-102.42050868387514
France,2018,37.185251354365846
France,2019,13.153762348629698
France,2020,-31.916923597833033
France,2021,-4.759896829190552
France,2022,-198.47924434353092
France,2023,41.2157843371574
France,2024,143.87854724346732
Germany,1950,43.092501120071574
Germany,1951,-25.609531810035946
Germany,1952,36.83552867383503
Germany,1953,-186.12062051971327
Germany,1954,83.3774473566308
Germany,1955,-6.908926971326196
Germany,1956,51.22606966845876
Germany,1957,-0.02334229390692144
Germany,1958,80.95288418458779
Germany,1959,-231.2552391353048
Germany,1960,57.29655017921141
Germany,1961,77.88609991039425
Germany,1962,-88.1290210573477
Germany,1963,-126.70521393369177
Germany,1964,-148.26624383960575
Germany,1965,190.4422155017919
Germany,1966,171.39618055555547
Germany,1967,38.28991375448027
Germany,1968,48.54755824372751
Germany,1969,-63.903382616487534
Germany,1970,114.81435931899637
Germany,1971,-182.00444108422948
Germany,1972,-124.5548023073477
Germany,1973,-85.92740815412196
Germany,1974,90.08771281361999
Germany,1975,-127.10751568100363
Germany,1976,-191.2488967293907
Germany,1977,29.262443996415755
Germany,1978,7.134251792114583
Germany,1979,31.80478270609308
Germany,1980,47.68188284050177
Germany,1981,192.88475582437275
Germany,1982,-79.26166554659505
Germany,1983,-3.5309027777778965
Germany,1984,35.066375448028566
Germany,1985,-55.38527945788542
Germany,1986,72.27370071684584
Germany,1987,89.01278001792105
Germany,1988,72.90046482974901
Germany,1989,-98.96613463261656
Germany,1990,-0.7269713261649713
Germany,1991,-141.71714269713266
Germany,1992,3.3882000448028293
Germany,1993,89.65071684587804
Germany,1994,95.16575380824361
Germany,1995,76.95271617383503
Germany,1996,-107.75259296594993
Germany,1997,-75.84604894713266
Germany,1998,125.58645273297486
Germany,1999,40.31721550179202
Germany,2000,23.337208781361937
Germany,2001,126.3573700716845
Germany,2002,211.50933579749096
Germany,2003,-175.2088261648746
Germany,2004,15.403405017921045
Germany,2005,-12.922115815412212
Germany,2006,-44.89918234767026
Germany,2007,166.13408378136194
Germany,2008,-18.093738799283187
Germany,2009,7.974221550179095
Germany,2010,71.20750448028673
Germany,2011,-52.896494175627254
Germany,2012,-11.296527777777897
Germany,2013,2.425750448028566
Germany,2014,-50.19488127240152
Germany,2015,-70.90804491487461
Germany,2016,-44.966428651433716
Germany,2017,79.49849910394255
Germany,2018,-195.2879592293907
Germany,2019,-51.686270721326196
Germany,2020,-81.23217965949823
Germany,2021,10.533613351254417
Germany,2022,-113.84919914874558
Germany,2023,168.23405017921152
Germany,2024,111.70666442652328
Greece,1950,-134.55497040719703
Greece,1951,-32.30177438446975
Greece,1952,-70.86494910037885
Greece,1953,-81.03226089015158
Greece,1954,64.70092447916659
Greece,1955,114.17184067234842
Greece,1956,103.24275686553023
Greece,1957,27.622302320075732
Greece,1958,53.35003669507569
Greece,1959,111.34318300189386
Greece,1960,180.66278527462117
Greece,1961,6.572302320075721
Greece,1962,227.63181936553025
Greece,1963,187.41001538825748
Greece,1964,49.95323271780296
Greece,1965,81.35689038825751
Greece,1966,155.66132930871203
Greece,1967,58.09229521780304
Greece,1968,134.6745750473484
Greece,1969,91.09048413825752
Greece,1970,22.3986872632575
Greece,1971,141.56186197916662
Greece,1972,133.55095999053032
Greece,1973,95.49414180871207
Greece,1974,68.2177213541666
Greece,1975,-3.8758866003788626
Greece,1976,92.26456084280295
Greece,1977,-72.83451586174249
Greece,1978,110.94730232007572
Greece,1979,152.00546993371205
Greece,1980,128.56821851325753
Greece,1981,94.32503669507571
Greece,1982,102.07549834280303
Greece,1983,59.464560842802996
Greece,1984,-8.54996330492429
Greece,1985,3.9859386837120496
Greece,1986,50.405469933712084
Greece,1987,86.16321141098479
Greece,1988,3.505043797348435
Greece,1989,-95.90223603219704
Greece,1990,-22.78632694128794
Greece,1991,22.4904841382575
Greece,1992,-76.33813802083341
Greece,1993,-42.99041074810606
Greece,1994,42.39595288825751
Greece,1995,20.24819010416661
Greece,1996,55.33636482007569
Greece,1997,-41.82315222537886
Greece,1998,-28.660865293560676
Greece,1999,37.780967092802996
Greece,2000,-132.20678148674247
Greece,2001,-38.246802793560676
Greece,2002,139.6023094223484
Greece,2003,70.64499408143934
Greece,2004,-1.8740755208334008
Greece,2005,-51.12677438446974
Greece,2006,-112.84953716856069
Greece,2007,-62.362711884469775
Greece,2008,-118.78085819128796
Greece,2009,60.44005800189393
Greece,2010,-30.236326941287984
Greece,2011,-104.92727154356066
Greece,2012,-42.75450875946973
Greece,2013,-43.644032907197015
Greece,2014,111.07322561553025
Greece,2015,78.69776396780304
Greece,2016,28.82276396780304
Greece,2017,29.628197206439324
Greece,2018,89.44275686553033
Greece,2019,147.66729521780297
Greece,2020,-5.449075520833389
Greece,2021,107.89005800189386
Greece,2022,-45.061326941287916
Greece,2023,27.667756865530237
Greece,2024,48.19865175189386
Hungary,1950,21.368680003612667
Hungary,1951,33.23916410765901
Hungary,1952,67.99462834176302
Hungary,1953,-99.00704253973987
Hungary,1954,13.28138773482658
Hungary,1955,89.0045181539017
Hungary,1956,-100.74114658598268
Hungary,1957,-58.60016031430638
Hungary,1958,-31.98626941835255
Hungary,1959,-44.03716356575137
Hungary,1960,34.1461366510116
Hungary,1961,-145.11750135476876
Hungary,1962,-82.73658553106935
Hungary,1963,8.45132089956644
Hungary,1964,20.147265625000045
Hungary,1965,185.4264834718208
Hungary,1966,83.79172913656066
Hungary,1967,-91.66202808887283
Hungary,1968,-77.89608697615608
Hungary,1969,46.81259257586703
Hungary,1970,61.80907017702316
Hungary,1971,-147.30590453395956
Hungary,1972,6.031613529624224
Hungary,1973,-149.58394824783238
Hungary,1974,106.05306403540465
Hungary,1975,-64.79669210621387
Hungary,1976,-66.94987129696528
Hungary,1977,-59.53711840679193
Hungary,1978,-71.81633625361269
Hungary,1979,-55.575322886560684
Hungary,1980,-35.063671874999955
Hungary,1981,-106.18104001083816
Hungary,1982,-82.02844788656068
Hungary,1983,-146.13308119580927
Hungary,1984,-1.3371093749999545
Hungary,1985,-2.198968117774598
Hungary,1986,-126.15331240968209
Hungary,1987,6.419528992052051
Hungary,1988,-66.50880373916186
Hungary,1989,-57.55445944725432
Hungary,1990,-176.1579637825145
Hungary,1991,-60.589728594653195
Hungary,1992,-35.675846730491344
Hungary,1993,-86.93076905708091
Hungary,1994,-64.21802519869937
Hungary,1995,48.597003703034716
Hungary,1996,35.70908824060689
Hungary,1997,-115.93018199060691
Hungary,1998,88.75420204118495
Hungary,1999,128.82130825505783
Hungary,2000,-186.4879854588151
Hungary,2001,-68.72267657153179
Hungary,2002,-61.479902005057795
Hungary,2003,-147.25559745303468
Hungary,2004,83.58246251806361
Hungary,2005,138.68370890534686
Hungary,2006,-14.386287481936392
Hungary,2007,24.873873283959597
Hungary,2008,-0.18569138367047344
Hungary,2009,-3.698426210260095
Hungary,2010,341.7542472001445
Hungary,2011,-172.1296265354046
Hungary,2012,-123.05906566112719
Hungary,2013,37.958230220375754
Hungary,2014,138.03454886199427
Hungary,2015,-52.13366826228321
Hungary,2016,96.22006186777458
Hungary,2017,19.596958544075164
Hungary,2018,-23.569542539739928
Hungary,2019,19.81543759031797
Hungary,2020,14.05188990245665
Hungary,2021,-91.14577086343928
Hungary,2022,-101.6903427565029
Hungary,2023,154.12707957008672
Hungary,2024,-93.59663791546251
Ireland,1950,44.095039482527
Ireland,1951,13.637126176075071
Ireland,1952,-233.6765709005375
Ireland,1953,-200.787079973118
Ireland,1954,147.88712617607507
Ireland,1955,-152.52334509408604
Ireland,1956,-42.9039524529569
Ireland,1957,-39.5983828965052
Ireland,1958,120.16711609543017
Ireland,1959,-47.258791162634225
Ireland,1960,200.4241725470431
Ireland,1961,-54.687848622311776
Ireland,1962,-83.25803511424715
Ireland,1963,-91.93299731182799
Ireland,1964,-39.42587785618275
Ireland,1965,91.60814432123675
Ireland,1966,101.37906165994627
Ireland,1967,-5.106447412634225
Ireland,1968,-7.541805275537399
Ireland,1969,-203.06448672715044
Ireland,1970,-30.52164398521495
Ireland,1971,-280.6216943884407
Ireland,1972,-52.374970598118125
Ireland,1973,-102.13782342069885
Ireland,1974,57.726591901881875
Ireland,1975,-200.98466061827946
Ireland,1976,-135.81133652553763
Ireland,1977,41.0871009744626
Ireland,1978,-41.89361979166665
Ireland,1979,63.9250546034948
Ireland,1980,85.59529149865602
Ireland,1981,20.5960475470431
Ireland,1982,121.22419774865602
Ireland,1983,-33.42008148521495
Ireland,1984,-59.870938340053726
Ireland,1985,11.797534442204324
Ireland,1986,142.02901125672088
Ireland,1987,-139.33389196908604
Ireland,1988,92.44508988575285
Ireland,1989,-53.45725386424715
Ireland,1990,78.99360299059163
Ireland,1991,-62.023345094085926
Ireland,1992,-8.572551243279122
Ireland,1993,41.069333837365775
Ireland,1994,157.69105762768822
Ireland,1995,-3.947551243279122
Ireland,1996,-13.062848622311776
Ireland,1997,9.9846564180109
Ireland,1998,177.10310399865602
Ireland,1999,100.9791120631719
Ireland,2000,112.37099714381725
Ireland,2001,-251.87812079973105
Ireland,2002,-4.0661248319891
Ireland,2003,-349.3716943884407
Ireland,2004,-218.7926873319891
Ireland,2005,-255.9273899529569
Ireland,2006,1.7177713373657753
Ireland,2007,-30.26521757392493
Ireland,2008,180.46777133736578
Ireland,2009,244.2912340389787
Ireland,2010,-261.31933803763434
Ireland,2011,-107.0806787634408
Ireland,2012,-97.71689348118264
Ireland,2013,-54.69263692876325
Ireland,2014,152.80081065188187
Ireland,2015,232.0363197244626
Ireland,2016,-56.099138944892275
Ireland,2017,10.96852738575285
Ireland,2018,-11.59195648521495
Ireland,2019,131.19836609543017
Ireland,2020,233.7291120631719
Ireland,2021,-14.987873823924929
Ireland,2022,50.8814558131719
Ireland,2023,266.563789482527
Ireland,2024,-50.9733828965052
Italy,1950,-53.49890728977607
Italy,1951,190.87830459770112
Italy,1952,-98.69145493042947
Italy,1953,-46.94179522081049
Italy,1954,-54.16173623714451
Italy,1955,-75.24227162734417
Italy,1956,-100.53877797943119
Italy,1957,-22.742498487598255
Italy,1958,28.184565940713924
Italy,1959,109.08344298245629
Italy,1960,243.44193889897167
Italy,1961,-97.08749621899562
Italy,1962,-70.59163641863267
Italy,1963,149.15870387174846
Italy,1964,30.589851784634106
Italy,1965,36.835201149425416
Italy,1966,102.77043254688454
Italy,1967,-136.11160012099208
Italy,1968,21.9043935269209
Italy,1969,9.126149425287508
Italy,1970,-100.7831064730791
Italy,1971,-73.19168179068345
Italy,1972,107.22664851784646
Italy,1973,-73.65158424077424
Italy,1974,-84.52959013914085
Italy,1975,-4.725200393224327
Italy,1976,155.56387628554148
Italy,1977,9.367358590441768
Italy,1978,71.68728826376298
Italy,1979,155.96643980641272
Italy,1980,17.897928009679504
Italy,1981,-61.04467634603736
Italy,1982,-37.97043632788859
Italy,1983,-167.9343088324258
Italy,1984,85.4499357229281
Italy,1985,-130.4097512099213
Italy,1986,-61.274258923169896
Italy,1987,-19.56611464004834
Italy,1988,-132.8178160919539
Italy,1989,-152.07853523895938
Italy,1990,-116.47043632788859
Italy,1991,-68.79603750756189
Italy,1992,-7.129522081064579
Italy,1993,-91.92398669086504
Italy,1994,-81.8873487598305
Italy,1995,-63.73047489413182
Italy,1996,144.6676648517847
Italy,1997,-136.96243950393216
Italy,1998,-124.32558605565623
Italy,1999,-23.471627344222497
Italy,2000,-27.49726255293399
Italy,2001,-183.18839231699928
Italy,2002,50.78239942528751
Italy,2003,-182.4410012099213
Italy,2004,-7.127820629159032
Italy,2005,-60.28804068360546
Italy,2006,-169.95824258923165
Italy,2007,-181.475483968542
Italy,2008,116.67061403508785
Italy,2009,119.76158499697533
Italy,2010,305.8388309134906
Italy,2011,-94.39387099213536
Italy,2012,30.995988354507062
Italy,2013,218.1894434361767
Italy,2014,293.3556185722929
Italy,2015,-70.5359422262552
Italy,2016,58.84393526920758
Italy,2017,-117.41150937689042
Italy,2018,144.61395568663045
Italy,2019,179.41562310949791
Italy,2020,29.408930732002545
Italy,2021,6.2639670296431404
Italy,2022,-126.00503251663633
Italy,2023,71.7594298245615
Italy,2024,173.5239488808229
Latvia,1950,48.35450537854024
Latvia,1951,-169.3566363698257
Latvia,1952,53.21592286220039
Latvia,1953,-94.28213677832247
Latvia,1954,29.806813385076225
Latvia,1955,-53.56124217047932
Latvia,1956,28.88325333605667
Latvia,1957,60.53618430010897
Latvia,1958,-47.947475830610074
Latvia,1959,-101.76967762799563
Latvia,1960,6.484560525599136
Latvia,1961,-33.47949176198256
Latvia,1962,101.5969992510893
Latvia,1963,-122.80756569989109
Latvia,1964,-144.61087452342048
Latvia,1965,-93.64289045479308
Latvia,1966,53.8669134667756
Latvia,1967,39.94927662037037
Latvia,1968,-23.616082856753792
Latvia,1969,-50.90432836328978
Latvia,1970,6.51724026416116
Latvia,1971,-51.24746561819177
Latvia,1972,2.255802355664514
Latvia,1973,11.690493940631768
Latvia,1974,85.0512986791939
Latvia,1975,-119.18603792211331
Latvia,1976,-84.78535369008716
Latvia,1977,97.90801845043575
Latvia,1978,194.37733013344223
Latvia,1979,14.477360770697146
Latvia,1980,137.991147535403
Latvia,1981,182.8597137118736
Latvia,1982,-71.02590720315908
Latvia,1983,59.25901926742915
Latvia,1984,19.472816244553314
Latvia,1985,81.16363528050113
Latvia,1986,113.67144778050113
Latvia,1987,41.072795819716816
Latvia,1988,70.3100813589324
Latvia,1989,51.54665202886713
Latvia,1990,197.8702325027233
Latvia,1991,44.902197372004366
Latvia,1992,14.96428887527236
Latvia,1993,96.9329367510893
Latvia,1994,55.03684810729851
Latvia,1995,72.05124761710238
Latvia,1996,-35.28080916394333
Latvia,1997,112.46760791122006
Latvia,1998,206.28322269880175
Latvia,1999,45.160367306644844
Latvia,2000,37.18589835239652
Latvia,2001,170.60807972494547
Latvia,2002,-24.169698052832246
Latvia,2003,15.997019675925912
Latvia,2004,74.37544083605667
Latvia,2005,1.0956205746186924
Latvia,2006,-71.071658837146
Latvia,2007,136.05640488834422
Latvia,2008,78.79629459422654
Latvia,2009,-35.769677627995634
Latvia,2010,-199.7017139842048
Latvia,2011,-289.4089239515251
Latvia,2012,-223.61871255446624
Latvia,2013,-269.3618447031591
Latvia,2014,-100.70242885348591
Latvia,2015,-0.5539913534857988
Latvia,2016,124.40740570533762
Latvia,2017,161.7296075027233
Latvia,2018,-172.1487881263617
Latvia,2019,3.674766816448823
Latvia,2020,-29.937008101851916
Latvia,2021,10.483896718409596
Latvia,2022,31.85644573801744
Latvia,2023,128.0421075027233
Latvia,2024,7.766270084422672
Lithuania,1950,151.1423243131038
Lithuania,1951,-154.61645059631655
Lithuania,1952,45.963316160929935
Lithuania,1953,-171.99326219051937
Lithuania,1954,91.73143210295893
Lithuania,1955,-85.85410911080925
Lithuania,1956,3.545856921799441
Lithuania,1957,30.90308065368356
Lithuania,1958,-10.676572878925185
Lithuania,1959,-86.02003981733094
Lithuania,1960,85.13213409571256
Lithuania,1961,-36.64175630283819
Lithuania,1962,58.65313726600232
Lithuania,1963,-57.08452124849043
Lithuania,1964,-154.43744244414256
Lithuania,1965,-47.60552441878019
Lithuania,1966,53.21110828049507
Lithuania,1967,80.43716126962556
Lithuania,1968,-19.28379661080919
Lithuania,1969,-35.04030702747593
Lithuania,1970,35.45165402324869
Lithuania,1971,-103.19904796950487
Lithuania,1972,69.65387322614731
Lithuania,1973,14.695143606582064
Lithuania,1974,148.69446425875594
Lithuania,1975,-97.77366300573675
Lithuania,1976,-110.38309461805562
Lithuania,1977,54.323427121074815
Lithuania,1978,120.0610290232487
Lithuania,1979,40.02994886020531
Lithuania,1980,181.68863318991544
Lithuania,1981,152.01404079861106
Lithuania,1982,-74.78962767964981
Lithuania,1983,83.54948011020531
Lithuania,1984,22.253907193538566
Lithuania,1985,104.7472835522342
Lithuania,1986,111.3422790232487
Lithuania,1987,79.81906797252407
Lithuania,1988,22.482847410929935
Lithuania,1989,86.22848826237919
Lithuania,1990,184.2466042044082
Lithuania,1991,-28.07585956370781
Lithuania,1992,-58.002659835446934
Lithuania,1993,34.996604204408186
Lithuania,1994,75.13066217542269
Lithuania,1995,64.24082974788644
Lithuania,1996,-91.08236998037444
Lithuania,1997,51.57053989281394
Lithuania,1998,215.01766398701682
Lithuania,1999,5.927763624698059
Lithuania,2000,28.74954804498782
Lithuania,2001,120.18359469353857
Lithuania,2002,6.535779929045816
Lithuania,2003,-5.883830578200559
Lithuania,2004,95.41689405948057
Lithuania,2005,21.27491036382844
Lithuania,2006,-39.48092070501218
Lithuania,2007,157.8415430631038
Lithuania,2008,31.389380472524067
Lithuania,2009,15.569860544987819
Lithuania,2010,-145.39832333182375
Lithuania,2011,-291.81281042421506
Lithuania,2012,-149.02875811443243
Lithuania,2013,-52.71286137530194
Lithuania,2014,0.8748877189009363
Lithuania,2015,-39.75192387530194
Lithuania,2016,146.89300366092993
Lithuania,2017,161.26760737469806
Lithuania,2018,-146.4954134586353
Lithuania,2019,-99.68965032457737
Lithuania,2020,-85.46569199124406
Lithuania,2021,-27.69978392964981
Lithuania,2022,-12.375112281099064
Lithuania,2023,30.41179895078494
Lithuania,2024,-67.61571463617156
Luxembourg,1950,157.55917968749986
Luxembourg,1951,91.40915527343748
Luxembourg,1952,193.55917968749986
Luxembourg,1953,-292.3408447265625
Luxembourg,1954,19.384130859374977
Luxembourg,1955,-95.31582031250002
Luxembourg,1956,-63.94082031250002
Luxembourg,1957,-72.71584472656252
Luxembourg,1958,196.63413085937498
Luxembourg,1959,-174.31582031250002
Luxembourg,1960,46.30911865234373
Luxembourg,1961,100.83414306640623
Luxembourg,1962,-137.44082031250002
Luxembourg,1963,-170.41579589843752
Luxembourg,1964,-217.79079589843752
Luxembourg,1965,273.6342529296875
Luxembourg,1966,250.08420410156248
Luxembourg,1967,97.73410644531248
Luxembourg,1968,29.534155273437477
Luxembourg,1969,-108.69082031250002
Luxembourg,1970,110.73410644531248
Luxembourg,1971,-191.06582031250002
Luxembourg,1972,-121.84084472656252
Luxembourg,1973,-209.01583251953127
Luxembourg,1974,91.35922851562509
Luxembourg,1975,-204.89083251953127
Luxembourg,1976,-235.74086914062502
Luxembourg,1977,76.50919189453123
Luxembourg,1978,-32.06582031250002
Luxembourg,1979,154.40915527343748
Luxembourg,1980,66.03415527343748
Luxembourg,1981,216.03415527343748
Luxembourg,1982,69.83420410156248
Luxembourg,1983,51.43417968749998
Luxembourg,1984,137.2591308593751
Luxembourg,1985,-121.71584472656252
Luxembourg,1986,98.68417968749986
Luxembourg,1987,84.43417968749986
Luxembourg,1988,230.70920410156248
Luxembourg,1989,-25.190820312500023
Luxembourg,1990,46.43411865234373
Luxembourg,1991,-192.71584472656252
Luxembourg,1992,-10.840844726562523
Luxembourg,1993,90.15915527343748
Luxembourg,1994,25.134191894531227
Luxembourg,1995,136.0091308593751
Luxembourg,1996,-184.66579589843752
Luxembourg,1997,73.80917968749986
Luxembourg,1998,79.30917968749986
Luxembourg,1999,86.78415527343748
Luxembourg,2000,229.43405761718748
Luxembourg,2001,233.75913085937498
Luxembourg,2002,210.75925292968748
Luxembourg,2003,-184.24086914062502
Luxembourg,2004,9.334204101562477
Luxembourg,2005,-158.79079589843752
Luxembourg,2006,46.55917968749998
Luxembourg,2007,127.98410644531248
Luxembourg,2008,102.40915527343748
Luxembourg,2009,25.759191894531227
Luxembourg,2010,-82.39083251953127
Luxembourg,2011,-230.36580810546877
Luxembourg,2012,64.00913085937498
Luxembourg,2013,-30.615869140625023
Luxembourg,2014,-24.790795898437523
Luxembourg,2015,-176.54079589843752
Luxembourg,2016,-103.11586914062502
Luxembourg,2017,-85.39083251953127
Luxembourg,2018,-72.84084472656252
Luxembourg,2019,17.734167480468727
Luxembourg,2020,-21.640771484375023
Luxembourg,2021,50.65915527343748
Luxembourg,2022,-118.29079589843752
Luxembourg,2023,214.98410644531248
Luxembourg,2024,336.884130859375
Netherlands,1950,39.4649739583333
Netherlands,1951,-26.688505329457485
Netherlands,1952,-27.243101986434226
Netherlands,1953,-231.70708272771327
Netherlands,1954,-8.024533672480743
Netherlands,1955,-163.6129239341086
Netherlands,1956,-71.25591085271321
Netherlands,1957,-2.029166666666697
Netherlands,1958,-48.27103621608535
Netherlands,1959,-273.8710089631783
Netherlands,1960,63.415010295542515
Netherlands,1961,58.21615491763555
Netherlands,1962,-122.02453367248074
Netherlands,1963,-142.82567829457378
Netherlands,1964,-146.0326641230621
Netherlands,1965,96.03823885658903
Netherlands,1966,128.56494670542622
Netherlands,1967,-62.86174297480625
Netherlands,1968,-27.643129239341192
Netherlands,1969,-128.4419573643412
Netherlands,1970,-35.20939922480625
Netherlands,1971,-233.13036579457372
Netherlands,1972,-143.37800387596906
Netherlands,1973,-109.30591993701557
Netherlands,1974,4.601056807170494
Netherlands,1975,-155.35474806201557
Netherlands,1976,-279.8443011143412
Netherlands,1977,-76.40825460271321
Netherlands,1978,-154.4117520591086
Netherlands,1979,-22.669882509689955
Netherlands,1980,-69.6071099806203
Netherlands,1981,14.34874031007746
Netherlands,1982,-140.22920300387602
Netherlands,1983,-22.891948280038832
Netherlands,1984,17.518435077519257
Netherlands,1985,-56.92333454457378
Netherlands,1986,-44.05360343992254
Netherlands,1987,7.168462330426223
Netherlands,1988,56.215019379844875
Netherlands,1989,-160.75709181201557
Netherlands,1990,-70.38499878875973
Netherlands,1991,-164.95939922480625
Netherlands,1992,-9.53970445736445
Netherlands,1993,58.35687076065881
Netherlands,1994,84.7045724321705
Netherlands,1995,-61.27685016957378
Netherlands,1996,-177.87804929748074
Netherlands,1997,-133.06523134689928
Netherlands,1998,219.08947432170532
Netherlands,1999,31.209205426356448
Netherlands,2000,82.737094234496
Netherlands,2001,125.92895469961229
Netherlands,2002,75.731234859496
Netherlands,2003,-141.4990067829458
Netherlands,2004,46.861503754844875
Netherlands,2005,-24.019900678294675
Netherlands,2006,-34.790839995155125
Netherlands,2007,102.20112039728679
Netherlands,2008,4.8406098594959985
Netherlands,2009,-45.8896317829458
Netherlands,2010,8.732461240310045
Netherlands,2011,-9.417566012597035
Netherlands,2012,53.225420906007685
Netherlands,2013,-45.67919391957378
Netherlands,2014,-5.537342538759731
Netherlands,2015,71.10455426356577
Netherlands,2016,-5.431510416666697
Netherlands,2017,66.15451792635645
Netherlands,2018,-160.5396136143412
Netherlands,2019,-0.1640685562016415
Netherlands,2020,-11.18968628875973
Netherlands,2021,9.681362039728583
Netherlands,2022,-54.48038396317838
Netherlands,2023,254.43713057170532
Netherlands,2024,167.23591327519375
Norway,1950,-97.18570018481182
Norway,1951,-114.18859837029572
Norway,1952,-184.09717951948926
Norway,1953,45.29779275873648
Norway,1954,-129.44666288642475
Norway,1955,-187.60568506384413
Norway,1956,-200.3348307291667
Norway,1957,-26.52422085013427
Norway,1958,-184.19559181787633
Norway,1959,-166.48906460013438
Norway,1960,-299.0984396001344
Norway,1961,9.454987819220491
Norway,1962,-85.37357820900547
Norway,1963,-159.23257518481182
Norway,1964,52.91447622647843
Norway,1965,-192.3348307291667
Norway,1966,-136.55295068884413
Norway,1967,91.46078419018818
Norway,1968,-195.42127226142475
Norway,1969,-237.39002226142475
Norway,1970,-197.63435189852157
Norway,1971,50.473700016801104
Norway,1972,-155.19294564852157
Norway,1973,60.5147786458333
Norway,1974,-159.04828839045706
Norway,1975,85.6789041498655
Norway,1976,-223.4287067372312
Norway,1977,-188.44218960013438
Norway,1978,-125.65010290658608
Norway,1979,-98.02743405577962
Norway,1980,-176.43374705981182
Norway,1981,-94.88334383400536
Norway,1982,-1.3253801243279213
Norway,1983,191.12824890793013
Norway,1984,-164.21134282594085
Norway,1985,-39.39701570900547
Norway,1986,-69.74101772513427
Norway,1987,-112.37464927755377
Norway,1988,9.280025621639652
Norway,1989,142.88404527889793
Norway,1990,135.40584467405938
Norway,1991,-61.01294312836035
Norway,1992,84.326207577285
Norway,1993,-87.91591691868268
Norway,1994,-63.3192057291667
Norway,1995,38.6203103998655
Norway,1996,-221.44502478158608
Norway,1997,25.72930737567208
Norway,1998,13.770386004704278
Norway,1999,58.68104628696233
Norway,2000,108.2451843918011
Norway,2001,-16.374649277553885
Norway,2002,-140.85524403561828
Norway,2003,-24.26363617271511
Norway,2004,18.794453545026954
Norway,2005,77.79155535954305
Norway,2006,-0.16219968077950853
Norway,2007,112.60380334341403
Norway,2008,5.363253948252691
Norway,2009,-86.34012306787633
Norway,2010,-205.06586651545706
Norway,2011,191.84914104502695
Norway,2012,-17.482953209005473
Norway,2013,13.249594674059267
Norway,2014,-87.87905955981194
Norway,2015,133.71191826276868
Norway,2016,-47.78045824932792
Norway,2017,101.23144951276868
Norway,2018,-75.85007770497305
Norway,2019,-8.705609459005473
Norway,2020,160.48535576276868
Norway,2021,-91.54608324932803
Norway,2022,32.77265414986573
Norway,2023,-19.106567120295722
Norway,2024,118.52215011760723
Poland,1950,-3.02734375
Poland,1951,-151.82499035493828
Poland,1952,42.55873842592598
Poland,1953,-143.6222511574074
Poland,1954,-74.59307484567898
Poland,1955,-49.66820987654319
Poland,1956,-24.216965663580254
Poland,1957,-30.534432870370324
Poland,1958,25.99098186728395
Poland,1959,-153.85898919753083
Poland,1960,62.37114197530866
Poland,1961,-31.820891203703695
Poland,1962,8.64072145061732
Poland,1963,-87.57257908950618
Poland,1964,-82.74773341049377
Poland,1965,18.98606288580254
Poland,1966,103.31221064814815
Poland,1967,87.86631944444446
Poland,1968,0.42978395061732044
Poland,1969,-132.1827256944444
Poland,1970,145.28766396604942
Poland,1971,-91.65726273148147
Poland,1972,-18.55960648148141
Poland,1973,-45.43865740740739
Poland,1974,161.96879822530866
Poland,1975,-86.35628858024688
Poland,1976,-80.75617283950618
Poland,1977,56.158468364197574
Poland,1978,8.602285879629676
Poland,1979,-56.16261574074076
Poland,1980,74.8656925154321
Poland,1981,81.28843557098764
Poland,1982,-187.5192901234568
Poland,1983,-73.3731674382716
Poland,1984,-78.0171682098765
Poland,1985,-31.073688271604965
Poland,1986,-53.119020061728406
Poland,1987,5.50289351851859
Poland,1988,-45.08458719135797
Poland,1989,-128.69338348765433
Poland,1990,-54.095389660493765
Poland,1991,-84.62268518518516
Poland,1992,-71.12461419753083
Poland,1993,-13.485821759259238
Poland,1994,30.17857831790127
Poland,1995,-4.515432098765359
Poland,1996,-16.10802469135797
Poland,1997,44.57561728395058
Poland,1998,82.18238811728395
Poland,1999,21.89197530864203
Poland,2000,17.880787037037067
Poland,2001,89.69695216049388
Poland,2002,6.291039737654387
Poland,2003,-126.25771604938268
Poland,2004,-3.7529417438271366
Poland,2005,-53.400221836419746
Poland,2006,-49.62596450617286
Poland,2007,60.422646604938336
Poland,2008,-1.746624228395035
Poland,2009,53.7626350308642
Poland,2010,187.49995177469134
Poland,2011,-52.6015625
Poland,2012,4.564043209876559
Poland,2013,17.07971643518522
Poland,2014,-6.271508487654273
Poland,2015,-129.74508101851848
Poland,2016,37.4891975308642
Poland,2017,129.88715277777783
Poland,2018,-117.71296296296293
Poland,2019,-78.75684799382714
Poland,2020,26.32532793209873
Poland,2021,-1.9239004629629335
Poland,2022,-81.23119212962962
Poland,2023,55.60291280864203
Poland,2024,-22.67679398148141
Portugal,1950,-68.89111307651979
Portugal,1951,277.90944706498965
Portugal,1952,61.491257206499085
Portugal,1953,-199.33328092243175
Portugal,1954,-123.4276205450733
Portugal,1955,216.33456498951796
Portugal,1956,129.08751310272544
Portugal,1957,-156.81441299790345
Portugal,1958,120.90070099580726
Portugal,1959,315.25791404612164
Portugal,1960,496.1628865303985
Portugal,1961,139.87682127882613
Portugal,1962,-37.84330450733739
Portugal,1963,576.0478118448639
Portugal,1964,-55.55591260482174
Portugal,1965,206.05724580712786
Portugal,1966,324.48491876310277
Portugal,1967,-126.27539963312358
Portugal,1968,164.09242662473798
Portugal,1969,324.0755241090146
Portugal,1970,96.17114124737952
Portugal,1971,21.829602332285162
Portugal,1972,211.71644392033545
Portugal,1973,-95.19422824947583
Portugal,1974,-53.91248689727456
Portugal,1975,-115.91440317085949
Portugal,1976,112.20386530398332
Portugal,1977,330.5163653039833
Portugal,1978,274.1642623165619
Portugal,1979,221.1818527253671
Portugal,1980,-204.14524043501035
Portugal,1981,-76.57414177148837
Portugal,1982,-152.6955549004192
Portugal,1983,-6.477935010482156
Portugal,1984,39.896917583857544
Portugal,1985,73.44850956498965
Portugal,1986,-92.89553524633118
Portugal,1987,133.2780594863732
Portugal,1988,-1.1420466457021803
Portugal,1989,203.6654415618449
Portugal,1990,-147.63767361111104
Portugal,1991,-148.111877620545
Portugal,1992,-195.89676362683429
Portugal,1993,5.020197851153171
Portugal,1994,-80.2735324947588
Portugal,1995,24.670551624737982
Portugal,1996,266.8761333857443
Portugal,1997,235.90581105870035
Portugal,1998,-173.634528957023
Portugal,1999,-53.0980214884695
Portugal,2000,180.7189006813419
Portugal,2001,142.67359800838585
Portugal,2002,135.97558307127895
Portugal,2003,102.29063810272544
Portugal,2004,-217.92889806079648
Portugal,2005,-263.9005961740041
Portugal,2006,180.2773715932915
Portugal,2007,-234.6514806079664
Portugal,2008,-77.04397274633118
Portugal,2009,57.0440775681343
Portugal,2010,221.8365303983229
Portugal,2011,-55.80753406708584
Portugal,2012,-166.89243972746328
Portugal,2013,135.67241876310277
Portugal,2014,270.27933700209655
Portugal,2015,-223.51630961740034
Portugal,2016,161.31707285115317
Portugal,2017,-239.9452109538783
Portugal,2018,117.42713574423487
Portugal,2019,-51.37602856394119
Portugal,2020,-55.908162997903446
Portugal,2021,-65.0011759696016
Portugal,2022,-14.832642164570188
Portugal,2023,2.172467898322907
Portugal,2024,23.19502096436065
Romania,1950,-204.14291596283772
Romania,1951,-196.1548810529278
Romania,1952,-4.860258305180082
Romania,1953,-69.33256264076567
Romania,1954,38.30753448761266
Romania,1955,124.95421241554061
Romania,1956,-66.07647452139622
Romania,1957,15.787510557432483
Romania,1958,-58.490712978603426
Romania,1959,-7.88373099662158
Romania,1960,19.993345298423492
Romania,1961,-101.20914625563051
Romania,1962,-55.25348747184671
Romania,1963,-73.02783994932423
Romania,1964,-17.0805215371621
Romania,1965,-57.69851844031524
Romania,1966,105.5710480011262
Romania,1967,-46.327600647522445
Romania,1968,-16.046069115990917
Romania,1969,82.39065667229738
Romania,1970,90.11130701013519
Romania,1971,-2.7902273367116095
Romania,1972,85.90508516328839
Romania,1973,-82.84407024211703
Romania,1974,44.18858741554061
Romania,1975,11.692458474099226
Romania,1976,5.730676379504644
Romania,1977,-17.79448550112602
Romania,1978,58.00446579391905
Romania,1979,53.30035543355871
Romania,1980,110.3225964245496
Romania,1981,70.06562851914418
Romania,1982,-65.97603814752244
Romania,1983,-125.7891012105855
Romania,1984,42.32463752815329
Romania,1985,-39.63190104166665
Romania,1986,-119.4375387105855
Romania,1987,-62.28906601914406
Romania,1988,3.2696684966217617
Romania,1989,-77.9803315033783
Romania,1990,-139.27488386824314
Romania,1991,70.00432502815329
Romania,1992,-125.40329743806296
Romania,1993,-30.547195242117027
Romania,1994,-105.63098606418902
Romania,1995,42.72715723536044
Romania,1996,8.273997043919053
Romania,1997,78.64509079391905
Romania,1998,45.0882214245496
Romania,1999,60.76565667229738
Romania,2000,-226.76657868806296
Romania,2001,13.128691582207352
Romania,2002,-20.43032446508994
Romania,2003,-132.64875774211703
Romania,2004,-7.484976773648555
Romania,2005,160.61454462274787
Romania,2006,-38.45960374436925
Romania,2007,20.367008023648737
Romania,2008,-37.55958262950446
Romania,2009,-12.824046311936854
Romania,2010,149.22490498310822
Romania,2011,-167.1654032939188
Romania,2012,-36.865888935810744
Romania,2013,-0.5751724380629639
Romania,2014,141.95393088400908
Romania,2015,-26.612932854729593
Romania,2016,128.31232052364874
Romania,2017,23.552115005630753
Romania,2018,63.12601703265773
Romania,2019,-27.737932854729593
Romania,2020,-9.071301379504462
Romania,2021,31.252776604729775
Romania,2022,-117.57197001689178
Romania,2023,-29.158928068693626
Romania,2024,-66.72470087274763
Serbia,1950,-195.46232544535036
Serbia,1951,-76.37316104317642
Serbia,1952,-53.789884322161925
Serbia,1953,-135.71736394172717
Serbia,1954,140.36732808725833
Serbia,1955,231.4673620546497
Serbia,1956,-31.288469014190923
Serbia,1957,17.951453993055452
Serbia,1958,-90.83987299969817
Serbia,1959,29.58551196406995
Serbia,1960,-21.037733054046043
Serbia,1961,-151.27612752868367
Serbia,1962,-77.91233676781417
Serbia,1963,-44.739895644625676
Serbia,1964,-28.177565481582178
Serbia,1965,-55.220987130132926
Serbia,1966,30.58624792421483
Serbia,1967,-56.801489847524294
Serbia,1968,-44.936963126509795
Serbia,1969,17.920317217693082
Serbia,1970,129.8457021814612
Serbia,1971,-75.30364111564018
Serbia,1972,41.30358261624383
Serbia,1973,-78.65441104317642
Serbia,1974,107.58624792421483
Serbia,1975,30.602891945953957
Serbia,1976,34.35430725392507
Serbia,1977,50.41086296044671
Serbia,1978,37.85436386624383
Serbia,1979,10.551431348127949
Serbia,1980,63.40723977204095
Serbia,1981,68.80143134812795
Serbia,1982,-115.5971193765098
Serbia,1983,-123.34932725694455
Serbia,1984,-77.10725298158218
Serbia,1985,-3.508011586654675
Serbia,1986,-84.21668459390105
Serbia,1987,25.78405136624383
Serbia,1988,-107.43045270984305
Serbia,1989,-0.08262662288655065
Serbia,1990,-196.41236507397355
Serbia,1991,-12.214476713466297
Serbia,1992,-109.21668459390105
Serbia,1993,-171.6782448294083
Serbia,1994,-113.1855478185388
Serbia,1995,40.74051649305545
Serbia,1996,42.14925743508445
Serbia,1997,-3.9065623112924186
Serbia,1998,-13.992046912741671
Serbia,1999,145.32022663798296
Serbia,2000,-278.0579436518721
Serbia,2001,106.87610299667858
Serbia,2002,-0.45219184027791925
Serbia,2003,-121.2652579634663
Serbia,2004,110.63182084088157
Serbia,2005,125.94199973580908
Serbia,2006,6.602835333635198
Serbia,2007,56.0042732865337
Serbia,2008,-78.76378604317642
Serbia,2009,81.47381585899745
Serbia,2010,153.05358261624383
Serbia,2011,-225.87539722977056
Serbia,2012,-87.96085352506054
Serbia,2013,-29.245670101147425
Serbia,2014,301.26452011624383
Serbia,2015,-36.084098543176424
Serbia,2016,135.5383539024757
Serbia,2017,-86.26740923158218
Serbia,2018,52.44205634812795
Serbia,2019,-35.04781004679967
Serbia,2020,45.17461975392507
Serbia,2021,44.93333805102645
Serbia,2022,-70.2688245395533
Serbia,2023,109.4325454785627
Serbia,2024,-84.8210210975243
Slovakia,1950,-17.478024193548436
Slovakia,1951,-20.20273857526888
Slovakia,1952,80.2531586021505
Slovakia,1953,-124.99096102150543
Slovakia,1954,-69.72857022849473
Slovakia,1955,54.71115591397847
Slovakia,1956,-115.99734543010754
Slovakia,1957,-67.3533182123656
Slovakia,1958,97.9413306451612
Slovakia,1959,-81.73071236559144
Slovakia,1960,80.52836021505368
Slovakia,1961,-122.23928091397852
Slovakia,1962,-4.532879704301081
Slovakia,1963,-89.54791666666677
Slovakia,1964,-4.683501344086039
Slovakia,1965,174.27147177419363
Slovakia,1966,141.8982358870967
Slovakia,1967,-77.42535282258075
Slovakia,1968,-46.344707661290386
Slovakia,1969,-101.07047211021506
Slovakia,1970,131.49828629032254
Slovakia,1971,-148.30278897849473
Slovakia,1972,-13.51784274193551
Slovakia,1973,-128.52422715053774
Slovakia,1974,166.5004704301076
Slovakia,1975,-37.359744623655956
Slovakia,1976,2.2531586021505063
Slovakia,1977,6.520883736559085
Slovakia,1978,-80.2930443548388
Slovakia,1979,-22.007090053763477
Slovakia,1980,62.36286962365591
Slovakia,1981,-9.20601478494632
Slovakia,1982,-131.15762768817206
Slovakia,1983,-122.22105174731189
Slovakia,1984,-23.599495967741973
Slovakia,1985,60.972496639784936
Slovakia,1986,-142.71563340053774
Slovakia,1987,-35.900571236559244
Slovakia,1988,-41.78876008064526
Slovakia,1989,-83.84470766129039
Slovakia,1990,-75.08664314516136
Slovakia,1991,-45.40708165322587
Slovakia,1992,-75.06622983870977
Slovakia,1993,-113.50490591397852
Slovakia,1994,12.79616935483864
Slovakia,1995,33.450991263440756
Slovakia,1996,12.59296034946226
Slovakia,1997,-27.841431451612948
Slovakia,1998,46.26281922043006
Slovakia,1999,0.4617439516129025
Slovakia,2000,-19.539348118279577
Slovakia,2001,85.78970094086014
Slovakia,2002,33.96602822580644
Slovakia,2003,-202.70920698924738
Slovakia,2004,16.72308467741925
Slovakia,2005,92.91873319892466
Slovakia,2006,-61.98877688172047
Slovakia,2007,25.469304435483764
Slovakia,2008,0.2886088709676642
Slovakia,2009,39.08010752688165
Slovakia,2010,348.50366263440856
Slovakia,2011,-166.2522177419355
Slovakia,2012,-90.92211861559144
Slovakia,2013,3.658568548387052
Slovakia,2014,70.01441532258059
Slovakia,2015,-114.993061155914
Slovakia,2016,55.343380376344044
Slovakia,2017,37.42629368279563
Slovakia,2018,-93.68341733870977
Slovakia,2019,22.47896505376343
Slovakia,2020,74.68225806451608
Slovakia,2021,-59.43610551075278
Slovakia,2022,-141.61890120967746
Slovakia,2023,180.370262096774
Slovakia,2024,-57.647883064516236
Slovenia,1950,-272.7170537725226
Slovenia,1951,-58.71979870495488
Slovenia,1952,-201.20364583333344
Slovenia,1953,-501.7279279279279
Slovenia,1954,-207.7279279279278
Slovenia,1955,-163.41437218468468
Slovenia,1956,-309.20903012387384
Slovenia,1957,-337.07653434684687
Slovenia,1958,-275.00632742117114
Slovenia,1959,-54.97655546171177
Slovenia,1960,208.0423423423424
Slovenia,1961,18.004441159909902
Slovenia,1962,206.707249436937
Slovenia,1963,77.20450450450448
Slovenia,1964,94.86402730855843
Slovenia,1965,382.3721565315318
Slovenia,1966,64.8044833896397
Slovenia,1967,-132.25231559684676
Slovenia,1968,-82.49819819819822
Slovenia,1969,122.83689470720742
Slovenia,1970,76.99905686936927
Slovenia,1971,-269.9063485360359
Slovenia,1972,263.02608389639636
Slovenia,1973,-76.87932150900906
Slovenia,1974,53.84766328828823
Slovenia,1975,7.1990146396396995
Slovenia,1976,-15.079279279279262
Slovenia,1977,-41.51181728603592
Slovenia,1978,-25.49545326576572
Slovenia,1979,188.1260627815318
Slovenia,1980,126.35051379504512
Slovenia,1981,-78.73595157657678
Slovenia,1982,51.52608389639636
Slovenia,1983,-283.3414203265768
Slovenia,1984,88.82887105855843
Slovenia,1985,66.92072072072074
Slovenia,1986,-52.34152590090116
Slovenia,1987,109.39369369369365
Slovenia,1988,-135.56576576576572
Slovenia,1989,-52.80351914414405
Slovenia,1990,40.62067849099094
Slovenia,1991,22.63968186936927
Slovenia,1992,5.488288288288231
Slovenia,1993,-118.28198198198197
Slovenia,1994,-31.73869650900906
Slovenia,1995,111.2395551801801
Slovenia,1996,105.15055602477469
Slovenia,1997,-161.67387387387384
Slovenia,1998,40.845023930180105
Slovenia,1999,68.16945382882886
Slovenia,2000,-42.31998873873863
Slovenia,2001,-113.20364583333344
Slovenia,2002,-47.779342623873845
Slovenia,2003,-336.9361204954955
Slovenia,2004,114.79635416666656
Slovenia,2005,23.969496058558434
Slovenia,2006,-218.222438063063
Slovenia,2007,-117.0495073198199
Slovenia,2008,101.06662443693699
Slovenia,2009,89.99916244369365
Slovenia,2010,267.4126970720722
Slovenia,2011,-353.21715934684687
Slovenia,2012,-23.29275056306301
Slovenia,2013,138.76130349099094
Slovenia,2014,473.50982545045053
Slovenia,2015,-212.292750563063
Slovenia,2016,74.31535754504512
Slovenia,2017,91.47202984234241
Slovenia,2018,-78.17387387387384
Slovenia,2019,125.17198761261261
Slovenia,2020,0.17473254504511715
Slovenia,2021,-100.27923704954947
Slovenia,2022,-205.0495073198199
Slovenia,2023,364.5233389639641
Slovenia,2024,-40.02522522522531
Spain,1950,-115.39981660798122
Spain,1951,139.40215669014083
Spain,1952,-12.902274061032927
Spain,1953,-133.59832012910806
Spain,1954,-127.48201291079812
Spain,1955,75.69323650234742
Spain,1956,-4.376195715962467
Spain,1957,-64.94676496478877
Spain,1958,-4.487001173708904
Spain,1959,150.93362676056336
Spain,1960,213.32865316901405
Spain,1961,43.48904782863849
Spain,1962,48.443896713615004
Spain,1963,226.4073650234742
Spain,1964,-73.08452904929572
Spain,1965,73.2489143192488
Spain,1966,144.40934565727696
Spain,1967,-46.28218896713611
Spain,1968,22.71803110328642
Spain,1969,224.65641138497654
Spain,1970,-45.10833333333335
Spain,1971,127.7419454225352
Spain,1972,172.38044307511734
Spain,1973,-86.79506308685455
Spain,1974,-34.34402875586852
Spain,1975,-2.097476525821662
Spain,1976,84.68575410798121
Spain,1977,146.3464055164319
Spain,1978,68.20346977699535
Spain,1979,149.74099178403753
Spain,1980,-59.383348004694824
Spain,1981,-60.11941021126762
Spain,1982,-24.389656690140896
Spain,1983,-70.55309565727703
Spain,1984,47.86030663145539
Spain,1985,-59.04994131455402
Spain,1986,-56.74727112676055
Spain,1987,65.46157570422531
Spain,1988,4.4096757629107515
Spain,1989,84.43003227699535
Spain,1990,-109.14801936619722
Spain,1991,-84.39838615023473
Spain,1992,-48.943537265258215
Spain,1993,-44.17516138497655
Spain,1994,-97.41401115023473
Spain,1995,-76.80426936619722
Spain,1996,159.07997359154933
Spain,1997,124.57938673708918
Spain,1998,-123.16129694835683
Spain,1999,-46.24958186619722
Spain,2000,33.875234741784084
Spain,2001,-19.753433098591586
Spain,2002,48.41829518779343
Spain,2003,61.56357834507037
Spain,2004,-75.76366637323946
Spain,2005,-173.0387910798122
Spain,2006,0.38880575117366334
Spain,2007,-73.27107541079812
Spain,2008,80.01160504694838
Spain,2009,35.84068368544604
Spain,2010,200.7288879107981
Spain,2011,-52.11075410798122
Spain,2012,-60.828917253521126
Spain,2013,109.23130868544604
Spain,2014,76.53698650234742
Spain,2015,-100.42442781690141
Spain,2016,63.08378814553987
Spain,2017,-130.83056778169015
Spain,2018,170.6611062206573
Spain,2019,9.777413438967073
Spain,2020,33.39082306338025
Spain,2021,-7.331044600938981
Spain,2022,-36.299794600938924
Spain,2023,-29.17501467136151
Spain,2024,89.63909917840374
Sweden,1950,-12.724311062648667
Sweden,1951,-92.90472343378258
Sweden,1952,-62.09346252973819
Sweden,1953,-47.10684476605866
Sweden,1954,9.913872918318816
Sweden,1955,-147.85297878667717
Sweden,1956,-166.5547531720856
Sweden,1957,-16.464299167327454
Sweden,1958,-111.14500892149078
Sweden,1959,-145.73283604282307
Sweden,1960,0.7367317605076096
Sweden,1961,-2.5789898889769347
Sweden,1962,-76.13489789849314
Sweden,1963,-101.6056552339412
Sweden,1964,-81.92018735130841
Sweden,1965,-49.734620340999186
Sweden,1966,0.03589908802541686
Sweden,1967,35.6376040840604
Sweden,1968,-121.64550455987307
Sweden,1969,-149.1198304916732
Sweden,1970,-60.88197363203801
Sweden,1971,-92.46405134813631
Sweden,1972,-92.73650376685168
Sweden,1973,-77.15739988104667
Sweden,1974,14.486335249801868
Sweden,1975,-111.51376387787468
Sweden,1976,-187.45260210150667
Sweden,1977,6.274796788263416
Sweden,1978,-97.31957275971445
Sweden,1979,4.4623463521015765
Sweden,1980,-79.59589115781114
Sweden,1981,14.700748413957285
Sweden,1982,-85.60188838223621
Sweden,1983,-14.075669111815955
Sweden,1984,-18.297269032513782
Sweden,1985,47.57267545598734
Sweden,1986,-22.420732553528865
Sweden,1987,29.742481165741538
Sweden,1988,5.230040642347376
Sweden,1989,-63.237643735130746
Sweden,1990,15.571882434575855
Sweden,1991,-62.016638580491644
Sweden,1992,11.424033505154739
Sweden,1993,28.63155729579705
Sweden,1994,-99.05807394924659
Sweden,1995,-32.98863501189521
Sweden,1996,-93.08850614591586
Sweden,1997,-76.53145816812048
Sweden,1998,122.65886697065832
Sweden,1999,17.196733743061145
Sweden,2000,170.05121431403654
Sweden,2001,59.92700733544814
Sweden,2002,-81.66711439333858
Sweden,2003,-66.72396411578109
Sweden,2004,-1.4091841792227342
Sweden,2005,-5.549102894528119
Sweden,2006,41.122140166534564
Sweden,2007,-2.951759516256857
Sweden,2008,42.3733296986519
Sweden,2009,-5.125381641554213
Sweden,2010,-21.80475317208561
Sweden,2011,83.99902359238706
Sweden,2012,100.66838322759725
Sweden,2013,-62.760542228390136
Sweden,2014,-28.002661578112566
Sweden,2015,59.79630749405237
Sweden,2016,-61.79484040444083
Sweden,2017,18.6386944885013
Sweden,2018,-133.08810963521012
Sweden,2019,30.106279738302987
Sweden,2020,47.96715404440931
Sweden,2021,10.558698453608372
Sweden,2022,-46.9822412767644
Sweden,2023,82.46269329896916
Sweden,2024,48.030546193497344
Switzerland,1950,131.74020950374506
Switzerland,1951,225.03225655430674
Switzerland,1952,324.94693352059903
Switzerland,1953,-312.5328768726595
Switzerland,1954,79.02224953183463
Switzerland,1955,-6.419376170412306
Switzerland,1956,-45.57106156367081
Switzerland,1957,-89.17666198501911
Switzerland,1958,98.0278675093632
Switzerland,1959,-251.64743094569326
Switzerland,1960,147.47835908239676
Switzerland,1961,-141.44966058052478
Switzerland,1962,-171.20931647940097
Switzerland,1963,-76.63733614232251
Switzerland,1964,-224.37662687265947
Switzerland,1965,388.826849250936
Switzerland,1966,225.22677902621695
Switzerland,1967,-24.402522237827952
Switzerland,1968,204.2446863295877
Switzerland,1969,-32.794639513108905
Switzerland,1970,301.5851006554303
Switzerland,1971,-205.6327715355808
Switzerland,1972,-105.79911633895176
Switzerland,1973,-20.131718164794393
Switzerland,1974,104.162786750936
Switzerland,1975,-32.30815777153589
Switzerland,1976,-151.53182350187308
Switzerland,1977,263.53682116104824
Switzerland,1978,5.082906132958215
Switzerland,1979,159.14803955992465
Switzerland,1980,7.370564138576356
Switzerland,1981,296.3974250936328
Switzerland,1982,-5.274362125468542
Switzerland,1983,-67.53164794007535
Switzerland,1984,-37.35081928838986
Switzerland,1985,-134.05201310861457
Switzerland,1986,128.4289384363292
Switzerland,1987,167.93789208801468
Switzerland,1988,209.11556062734053
Switzerland,1989,-230.7890215355808
Switzerland,1990,8.29753043071105
Switzerland,1991,-173.2238003277157
Switzerland,1992,35.1851708801496
Switzerland,1993,42.844580992509236
Switzerland,1994,60.87495318352035
Switzerland,1995,205.56596441947522
Switzerland,1996,-44.9317532771538
Switzerland,1997,-65.90243445692909
Switzerland,1998,-72.10591058052478
Switzerland,1999,412.2153675093632
Switzerland,2000,133.43683871722806
Switzerland,2001,225.2850655430709
Switzerland,2002,324.0345388576775
Switzerland,2003,-305.47669709737863
Switzerland,2004,-97.20475187265947
Switzerland,2005,-205.59801029962568
Switzerland,2006,-33.27664442883929
Switzerland,2007,115.65927551498089
Switzerland,2008,87.27839419475617
Switzerland,2009,-111.3732911985021
Switzerland,2010,-46.45527855805267
Switzerland,2011,-198.99679892322138
Switzerland,2012,105.24135065543032
Switzerland,2013,8.609854868913544
Switzerland,2014,23.413225655430324
Switzerland,2015,-196.75864934456968
Switzerland,2016,22.166122425093363
Switzerland,2017,-56.012687265917975
Switzerland,2018,-96.85977294007535
Switzerland,2019,49.12109082397001
Switzerland,2020,-146.7553136704123
Switzerland,2021,19.21887874531808
Switzerland,2022,-223.4193761704123
Switzerland,2023,151.8233380149809
Switzerland,2024,138.14242158239676
Ukraine,1950,-128.72778179726924
Ukraine,1951,-170.70251465568418
Ukraine,1952,9.54576005491242
Ukraine,1953,-141.9575792149006
Ukraine,1954,-107.33730984713566
Ukraine,1955,6.0238878376372895
Ukraine,1956,-60.02853869842687
Ukraine,1957,-145.47054671267438
Ukraine,1958,9.747507606114596
Ukraine,1959,-123.3256502300386
Ukraine,1960,27.785018737013957
Ukraine,1961,-151.04977088898778
Ukraine,1962,-37.10567583110719
Ukraine,1963,-118.07233878747405
Ukraine,1964,-63.47800441525669
Ukraine,1965,-6.007835225586291
Ukraine,1966,131.97246308251704
Ukraine,1967,-35.24280851142771
Ukraine,1968,3.756857561591005
Ukraine,1969,28.126793002374598
Ukraine,1970,121.02244082071832
Ukraine,1971,2.768155424458314
Ukraine,1972,-69.62022948204213
Ukraine,1973,7.630855780647039
Ukraine,1974,27.118333518848317
Ukraine,1975,-120.10339399673501
Ukraine,1976,26.543088639062034
Ukraine,1977,76.11560644850101
Ukraine,1978,48.33466254823384
Ukraine,1979,-20.80402845799938
Ukraine,1980,145.66541722321165
Ukraine,1981,90.79781927129716
Ukraine,1982,-82.7152038809736
Ukraine,1983,-85.41636705995847
Ukraine,1984,-40.6559874962897
Ukraine,1985,46.64215364351435
Ukraine,1986,-88.91138598248739
Ukraine,1987,-38.23946924161481
Ukraine,1988,61.161131826951646
Ukraine,1989,-32.35144608934411
Ukraine,1990,-32.580074762540846
Ukraine,1991,-45.73991447758982
Ukraine,1992,-28.824509312852513
Ukraine,1993,7.008415887503702
Ukraine,1994,-91.71258811962008
Ukraine,1995,49.02578009053127
Ukraine,1996,-2.8562323760760364
Ukraine,1997,119.69508107005049
Ukraine,1998,47.70465364351435
Ukraine,1999,-18.869032910359124
Ukraine,2000,-12.755609045710912
Ukraine,2001,77.00596708964088
Ukraine,2002,-18.001880194419755
Ukraine,2003,-38.39385481596912
Ukraine,2004,84.11927964529536
Ukraine,2005,33.195248033541134
Ukraine,2006,-5.071058734045778
Ukraine,2007,-25.58157743395668
Ukraine,2008,36.42788383051345
Ukraine,2009,-3.183703435737584
Ukraine,2010,104.83043280647075
Ukraine,2011,-98.73251242950431
Ukraine,2012,25.46133218314037
Ukraine,2013,20.917253821608824
Ukraine,2014,-35.757723916592454
Ukraine,2015,-71.22499907242508
Ukraine,2016,80.7623117022855
Ukraine,2017,-37.115137095577325
Ukraine,2018,-1.4367087785693684
Ukraine,2019,-98.78735993618284
Ukraine,2020,-52.10923771890771
Ukraine,2021,18.293979111012163
Ukraine,2022,-2.1294959557732227
Ukraine,2023,17.125401639952543
Ukraine,2024,-69.9277484045711
United Kingdom,1950,-50.17609099878564
United Kingdom,1951,-35.12247078020641
United Kingdom,1952,-171.28128225561625
United Kingdom,1953,-245.74690156344866
United Kingdom,1954,50.347246888281916
United Kingdom,1955,-274.8765691408621
United Kingdom,1956,-161.6573068457801
United Kingdom,1957,-139.0143195962355
United Kingdom,1958,-75.39068571645407
United Kingdom,1959,-224.97766203703702
United Kingdom,1960,-47.812247647237314
United Kingdom,1961,-63.2313050242866
United Kingdom,1962,-113.89905320279297
United Kingdom,1963,-128.19117524286582
United Kingdom,1964,-203.85698808439588
United Kingdom,1965,-24.002821417729137
United Kingdom,1966,25.172781952033915
United Kingdom,1967,26.345994611414653
United Kingdom,1968,-81.37042159987857
United Kingdom,1969,-137.20682870370365
United Kingdom,1970,-44.646890179113484
United Kingdom,1971,-190.83308098057068
United Kingdom,1972,-144.40958371281113
United Kingdom,1973,-194.3538573922283
United Kingdom,1974,14.108972753491116
United Kingdom,1975,-203.63146440497871
United Kingdom,1976,-158.47498671827566
United Kingdom,1977,-46.60078362173647
United Kingdom,1978,-75.25862742865809
United Kingdom,1979,19.237217289010346
United Kingdom,1980,-2.998039996964053
United Kingdom,1981,6.0470988919247475
United Kingdom,1982,35.4441275804495
United Kingdom,1983,-46.999861490588955
United Kingdom,1984,-57.61666476927746
United Kingdom,1985,-39.69737970552512
United Kingdom,1986,55.52973778081366
United Kingdom,1987,-82.96895302064354
United Kingdom,1988,13.680921751669871
United Kingdom,1989,-95.40981139951418
United Kingdom,1990,39.024500986642465
United Kingdom,1991,-119.49303088949603
United Kingdom,1992,44.81833067698847
United Kingdom,1993,1.2875929720704562
United Kingdom,1994,41.2918051760779
United Kingdom,1995,-96.09338380388579
United Kingdom,1996,-195.52684236490586
United Kingdom,1997,-88.21451312993315
United Kingdom,1998,116.00685526715233
United Kingdom,1999,92.87980608682471
United Kingdom,2000,165.54214670613237
United Kingdom,2001,-115.31850903157249
United Kingdom,2002,64.83768404675175
United Kingdom,2003,-240.67586331208258
United Kingdom,2004,-5.92722943230126
United Kingdom,2005,-118.30052178202789
United Kingdom,2006,-12.033786809350318
United Kingdom,2007,29.936898527625885
United Kingdom,2008,127.74364943837281
United Kingdom,2009,34.72907748937473
United Kingdom,2010,-191.13544892228288
United Kingdom,2011,4.763856633272667
United Kingdom,2012,139.97019770795396
United Kingdom,2013,-59.280086900424976
United Kingdom,2014,121.94458295385562
United Kingdom,2015,116.08073960230718
United Kingdom,2016,-13.340196190042548
United Kingdom,2017,-12.527810033394076
United Kingdom,2018,-69.3260226927747
United Kingdom,2019,88.43035253491189
United Kingdom,2020,146.92966947480272
United Kingdom,2021,-66.110232619915
United Kingdom,2022,-98.37207232847595
United Kingdom,2023,116.32834889192486
United Kingdom,2024,71.46621319064968
