country,year,mean_temp_c
Austria,1950,6.972445487976074
Austria,1951,7.060194969177246
Austria,1952,6.0403218269348145
Austria,1953,6.84495210647583
Austria,1954,5.601598262786865
Austria,1955,5.770272254943848
Austria,1956,5.0536699295043945
Austria,1957,6.7033491134643555
Austria,1958,6.483296871185303
Austria,1959,6.836024284362793
Austria,1960,6.334017753601074
Austria,1961,7.084057807922363
Austria,1962,5.21912145614624
Austria,1963,5.625998020172119
Austria,1964,6.180059909820557
Austria,1965,5.491387844085693
Austria,1966,6.607845783233643
Austria,1967,6.6923418045043945
Austria,1968,6.201011657714844
Austria,1969,6.0050554275512695
Austria,1970,5.815986156463623
Austria,1971,6.530683994293213
Austria,1972,6.15401554107666
Austria,1973,6.12000036239624
Austria,1974,6.728123664855957
Austria,1975,6.865954875946045
Austria,1976,6.306605815887451
Austria,1977,6.841949462890625
Austria,1978,5.745878219604492
Austria,1979,6.204455375671387
Austria,1980,5.4734015464782715
Austria,1981,6.3033294677734375
Austria,1982,6.78156042098999
Austria,1983,7.203969955444336
Austria,1984,5.894817352294922
Austria,1985,5.872389316558838
Austria,1986,6.279362201690674
Austria,1987,6.081846714019775
Austria,1988,6.877444267272949
Austria,1989,7.337636947631836
Austria,1990,7.186524868011475
Austria,1991,6.270542144775391
Austria,1992,7.528002738952637
Austria,1993,6.856200695037842
Austria,1994,8.121506690979004
Austria,1995,6.741698741912842
Austria,1996,5.752902984619141
Austria,1997,7.019853115081787
Austria,1998,7.2049150466918945
Austria,1999,7.171985149383545
Austria,2000,7.979793548583984
Austria,2001,7.089486122131348
Austria,2002,7.913408279418945
Austria,2003,7.550942897796631
Austria,2004,6.795036792755127
Austria,2005,6.477555751800537
Austria,2006,7.292157173156738
Austria,2007,7.945442199707031
Austria,2008,7.720180034637451
Austria,2009,7.44038200378418
Austria,2010,6.400193214416504
Austria,2011,7.9624104499816895
Austria,2012,7.596778869628906
Austria,2013,7.298689842224121
Austria,2014,8.482464790344238
Austria,2015,8.46611499786377
Austria,2016,7.877853870391846
Austria,2017,7.7804341316223145
Austria,2018,8.597299575805664
Austria,2019,8.485258102416992
Austria,2020,8.222524642944336
Austria,2021,7.357090950012207
Austria,2022,8.609696388244629
Austria,2023,8.765892028808594
Austria,2024,9.43713665008545
Belgium,1950,9.752961158752441
Belgium,1951,9.715704917907715
Belgium,1952,9.181168556213379
Belgium,1953,9.825294494628906
Belgium,1954,8.66728687286377
Belgium,1955,8.552290916442871
Belgium,1956,7.834760665893555
Belgium,1957,9.462150573730469
Belgium,1958,9.032689094543457
Belgium,1959,10.11837100982666
Belgium,1960,9.247605323791504
Belgium,1961,9.743450164794922
Belgium,1962,7.783332824707031
Belgium,1963,7.636805534362793
Belgium,1964,8.916533470153809
Belgium,1965,8.40353012084961
Belgium,1966,9.338095664978027
Belgium,1967,9.430899620056152
Belgium,1968,8.788025856018066
Belgium,1969,9.011377334594727
Belgium,1970,8.945479393005371
Belgium,1971,9.188716888427734
Belgium,1972,8.706372261047363
Belgium,1973,9.06181526184082
Belgium,1974,9.351619720458984
Belgium,1975,9.371367454528809
Belgium,1976,9.59570598602295
Belgium,1977,9.231982231140137
Belgium,1978,8.511917114257812
Belgium,1979,8.312084197998047
Belgium,1980,8.512252807617188
Belgium,1981,8.878778457641602
Belgium,1982,9.62530517578125
Belgium,1983,9.59579849243164
Belgium,1984,8.917433738708496
Belgium,1985,8.441413879394531
Belgium,1986,8.951742172241211
Belgium,1987,8.797998428344727
Belgium,1988,10.181180000305176
Belgium,1989,10.592193603515625
Belgium,1990,10.25930404663086
Belgium,1991,9.135529518127441
Belgium,1992,9.941595077514648
Belgium,1993,9.478211402893066
Belgium,1994,10.501228332519531
Belgium,1995,10.265009880065918
Belgium,1996,8.466425895690918
Belgium,1997,10.032106399536133
Belgium,1998,9.840408325195312
Belgium,1999,10.73630142211914
Belgium,2000,10.530987739562988
Belgium,2001,10.063199996948242
Belgium,2002,10.656944274902344
Belgium,2003,10.436129570007324
Belgium,2004,10.256414413452148
Belgium,2005,10.559452056884766
Belgium,2006,10.904536247253418
Belgium,2007,11.016210556030273
Belgium,2008,10.20749568939209
Belgium,2009,10.291871070861816
Belgium,2010,9.104947090148926
Belgium,2011,11.001886367797852
Belgium,2012,9.98574447631836
Belgium,2013,9.480107307434082
Belgium,2014,11.200796127319336
Belgium,2015,10.65883731842041
Belgium,2016,10.429954528808594
Belgium,2017,10.74820613861084
Belgium,2018,11.221055030822754
Belgium,2019,10.91519546508789
Belgium,2020,11.55341911315918
Belgium,2021,10.132732391357422
Belgium,2022,11.533419609069824
Belgium,2023,11.592998504638672
Belgium,2024,11.475679397583008
Bulgaria,1950,11.565156936645508
Bulgaria,1951,11.416154861450195
Bulgaria,1952,11.648045539855957
Bulgaria,1953,10.339569091796875
Bulgaria,1954,9.743123054504395
Bulgaria,1955,10.715714454650879
Bulgaria,1956,9.48859977722168
Bulgaria,1957,10.583659172058105
Bulgaria,1958,11.18053913116455
Bulgaria,1959,9.903939247131348
Bulgaria,1960,11.191366195678711
Bulgaria,1961,11.176762580871582
Bulgaria,1962,11.273015022277832
Bulgaria,1963,10.74317455291748
Bulgaria,1964,10.23417854309082
Bulgaria,1965,10.132695198059082
Bulgaria,1966,11.343094825744629
Bulgaria,1967,10.445316314697266
Bulgaria,1968,10.893924713134766
Bulgaria,1969,10.110383987426758
Bulgaria,1970,10.747962951660156
Bulgaria,1971,10.386213302612305
Bulgaria,1972,10.375344276428223
Bulgaria,1973,9.901931762695312
Bulgaria,1974,10.301020622253418
Bulgaria,1975,10.704447746276855
Bulgaria,1976,9.498274803161621
Bulgaria,1977,10.785880088806152
Bulgaria,1978,10.17192268371582
Bulgaria,1979,10.806797981262207
Bulgaria,1980,9.668025016784668
Bulgaria,1981,10.410921096801758
Bulgaria,1982,10.16157341003418
Bulgaria,1983,10.406441688537598
Bulgaria,1984,10.230592727661133
Bulgaria,1985,10.135170936584473
Bulgaria,1986,10.36205005645752
Bulgaria,1987,10.07325267791748
Bulgaria,1988,10.329813003540039
Bulgaria,1989,10.72073745727539
Bulgaria,1990,11.128998756408691
Bulgaria,1991,9.732937812805176
Bulgaria,1992,10.547428131103516
Bulgaria,1993,10.431002616882324
Bulgaria,1994,11.779264450073242
Bulgaria,1995,10.29068374633789
Bulgaria,1996,9.960567474365234
Bulgaria,1997,9.755061149597168
Bulgaria,1998,10.707494735717773
Bulgaria,1999,11.354732513427734
Bulgaria,2000,11.428934097290039
Bulgaria,2001,11.214458465576172
Bulgaria,2002,11.168639183044434
Bulgaria,2003,10.555170059204102
Bulgaria,2004,10.805572509765625
Bulgaria,2005,10.326513290405273
Bulgaria,2006,10.71967601776123
Bulgaria,2007,11.922661781311035
Bulgaria,2008,11.53106689453125
Bulgaria,2009,11.46972942352295
Bulgaria,2010,11.333330154418945
Bulgaria,2011,10.645955085754395
Bulgaria,2012,11.690731048583984
Bulgaria,2013,11.758115768432617
Bulgaria,2014,11.621176719665527
Bulgaria,2015,12.007162094116211
Bulgaria,2016,11.879501342773438
Bulgaria,2017,11.665543556213379
Bulgaria,2018,12.04605484008789
Bulgaria,2019,12.605578422546387
Bulgaria,2020,12.396112442016602
Bulgaria,2021,11.67221450805664
Bulgaria,2022,12.397331237792969
Bulgaria,2023,13.138270378112793
Bulgaria,2024,13.801984786987305
Croatia,1950,11.991301536560059
Croatia,1951,12.012672424316406
Croatia,1952,11.431567192077637
Croatia,1953,10.88747501373291
Croatia,1954,10.10329532623291
Croatia,1955,10.611929893493652
Croatia,1956,9.651270866394043
Croatia,1957,11.079071044921875
Croatia,1958,11.337838172912598
Croatia,1959,10.938921928405762
Croatia,1960,11.026887893676758
Croatia,1961,11.367719650268555
Croatia,1962,9.972039222717285
Croatia,1963,10.178560256958008
Croatia,1964,10.1298828125
Croatia,1965,10.205533981323242
Croatia,1966,11.069876670837402
Croatia,1967,10.898237228393555
Croatia,1968,10.71589469909668
Croatia,1969,10.197879791259766
Croatia,1970,10.462188720703125
Croatia,1971,10.540718078613281
Croatia,1972,10.507387161254883
Croatia,1973,10.371062278747559
Croatia,1974,10.807158470153809
Croatia,1975,11.010454177856445
Croatia,1976,10.014642715454102
Croatia,1977,11.034245491027832
Croatia,1978,9.772134780883789
Croatia,1979,10.855026245117188
Croatia,1980,9.617243766784668
Croatia,1981,10.645854949951172
Croatia,1982,10.941438674926758
Croatia,1983,11.043514251708984
Croatia,1984,10.112530708312988
Croatia,1985,10.146806716918945
Croatia,1986,10.377124786376953
Croatia,1987,10.401762962341309
Croatia,1988,10.986740112304688
Croatia,1989,11.085549354553223
Croatia,1990,11.43973159790039
Croatia,1991,10.342437744140625
Croatia,1992,11.77192497253418
Croatia,1993,11.134706497192383
Croatia,1994,12.324700355529785
Croatia,1995,11.005785942077637
Croatia,1996,10.169352531433105
Croatia,1997,10.928507804870605
Croatia,1998,11.265854835510254
Croatia,1999,11.397411346435547
Croatia,2000,12.4673490524292
Croatia,2001,11.526473999023438
Croatia,2002,11.911694526672363
Croatia,2003,11.540745735168457
Croatia,2004,10.874736785888672
Croatia,2005,10.3103666305542
Croatia,2006,11.275141716003418
Croatia,2007,12.023165702819824
Croatia,2008,11.983282089233398
Croatia,2009,11.863360404968262
Croatia,2010,10.927358627319336
Croatia,2011,11.689532279968262
Croatia,2012,12.033297538757324
Croatia,2013,11.670523643493652
Croatia,2014,12.433773040771484
Croatia,2015,12.180876731872559
Croatia,2016,11.799426078796387
Croatia,2017,11.952841758728027
Croatia,2018,12.460453033447266
Croatia,2019,12.590643882751465
Croatia,2020,12.187265396118164
Croatia,2021,11.800505638122559
Croatia,2022,12.922436714172363
Croatia,2023,13.190156936645508
Croatia,2024,13.84624195098877
Czechia,1950,7.996779918670654
Czechia,1951,8.22514533996582
Czechia,1952,7.150461196899414
Czechia,1953,8.083133697509766
Czechia,1954,6.657886028289795
Czechia,1955,6.622010231018066
Czechia,1956,5.922983169555664
Czechia,1957,7.718278884887695
Czechia,1958,7.441585063934326
Czechia,1959,7.939423084259033
Czechia,1960,7.445798873901367
Czechia,1961,7.969740390777588
Czechia,1962,6.375003337860107
Czechia,1963,6.54106330871582
Czechia,1964,6.965389251708984
Czechia,1965,6.434985160827637
Czechia,1966,7.8837785720825195
Czechia,1967,8.039216041564941
Czechia,1968,7.3254265785217285
Czechia,1969,6.939987659454346
Czechia,1970,6.88238525390625
Czechia,1971,7.533707618713379
Czechia,1972,7.257784366607666
Czechia,1973,7.270616054534912
Czechia,1974,7.96693754196167
Czechia,1975,8.056782722473145
Czechia,1976,7.346290111541748
Czechia,1977,7.652474403381348
Czechia,1978,6.811237335205078
Czechia,1979,7.237083911895752
Czechia,1980,6.325977802276611
Czechia,1981,7.478561878204346
Czechia,1982,7.901626110076904
Czechia,1983,8.297343254089355
Czechia,1984,7.084584712982178
Czechia,1985,6.573895454406738
Czechia,1986,7.275987148284912
Czechia,1987,6.664831638336182
Czechia,1988,7.999581813812256
Czechia,1989,8.455480575561523
Czechia,1990,8.433096885681152
Czechia,1991,7.298422813415527
Czechia,1992,8.597155570983887
Czechia,1993,7.71881628036499
Czechia,1994,8.957752227783203
Czechia,1995,7.926824569702148
Czechia,1996,6.324803829193115
Czechia,1997,7.607059478759766
Czechia,1998,8.202982902526855
Czechia,1999,8.41734504699707
Czechia,2000,9.118449211120605
Czechia,2001,7.86391544342041
Czechia,2002,8.676933288574219
Czechia,2003,8.375710487365723
Czechia,2004,7.876539707183838
Czechia,2005,7.776878833770752
Czechia,2006,8.302032470703125
Czechia,2007,9.077621459960938
Czechia,2008,8.872207641601562
Czechia,2009,8.480875015258789
Czechia,2010,7.260887145996094
Czechia,2011,8.664925575256348
Czechia,2012,8.458137512207031
Czechia,2013,8.092782974243164
Czechia,2014,9.59852123260498
Czechia,2015,9.596542358398438
Czechia,2016,8.809497833251953
Czechia,2017,8.763006210327148
Czechia,2018,9.84832763671875
Czechia,2019,9.766851425170898
Czechia,2020,9.247953414916992
Czechia,2021,8.201881408691406
Czechia,2022,9.38896369934082
Czechia,2023,9.842954635620117
Czechia,2024,10.386617660522461
Denmark,1950,8.39582633972168
Denmark,1951,8.406368255615234
Denmark,1952,7.493575096130371
Denmark,1953,9.03951644897461
Denmark,1954,7.790626525878906
Denmark,1955,7.735299587249756
Denmark,1956,7.070161819458008
Denmark,1957,8.301648139953613
Denmark,1958,7.441996097564697
Denmark,1959,8.781681060791016
Denmark,1960,7.778536319732666
Denmark,1961,8.520936965942383
Denmark,1962,7.046151161193848
Denmark,1963,6.658966541290283
Denmark,1964,7.4530768394470215
Denmark,1965,6.997633457183838
Denmark,1966,7.254734516143799
Denmark,1967,8.47035026550293
Denmark,1968,7.807309627532959
Denmark,1969,7.39495849609375
Denmark,1970,7.062365531921387
Denmark,1971,8.244146347045898
Denmark,1972,7.811715602874756
Denmark,1973,8.217299461364746
Denmark,1974,8.524124145507812
Denmark,1975,8.945638656616211
Denmark,1976,7.707152843475342
Denmark,1977,7.909796237945557
Denmark,1978,7.671385288238525
Denmark,1979,6.771751880645752
Denmark,1980,7.4301557540893555
Denmark,1981,7.387316703796387
Denmark,1982,8.17855453491211
Denmark,1983,8.521284103393555
Denmark,1984,8.094951629638672
Denmark,1985,6.718897342681885
Denmark,1986,7.329775333404541
Denmark,1987,6.906252861022949
Denmark,1988,8.76030158996582
Denmark,1989,9.426487922668457
Denmark,1990,9.511130332946777
Denmark,1991,8.489256858825684
Denmark,1992,9.195801734924316
Denmark,1993,7.913203716278076
Denmark,1994,8.854605674743652
Denmark,1995,8.324668884277344
Denmark,1996,6.942140102386475
Denmark,1997,8.550413131713867
Denmark,1998,8.251492500305176
Denmark,1999,8.92384147644043
Denmark,2000,9.34199333190918
Denmark,2001,8.445995330810547
Denmark,2002,9.428030967712402
Denmark,2003,8.930560111999512
Denmark,2004,8.925498008728027
Denmark,2005,8.985767364501953
Denmark,2006,9.668418884277344
Denmark,2007,9.749738693237305
Denmark,2008,9.626070976257324
Denmark,2009,9.1849946975708
Denmark,2010,7.216891765594482
Denmark,2011,8.91588306427002
Denmark,2012,8.192051887512207
Denmark,2013,8.30737590789795
Denmark,2014,9.962105751037598
Denmark,2015,9.054183006286621
Denmark,2016,8.94245719909668
Denmark,2017,8.855904579162598
Denmark,2018,9.43993091583252
Denmark,2019,9.382514953613281
Denmark,2020,9.789366722106934
Denmark,2021,8.634239196777344
Denmark,2022,9.432089805603027
Denmark,2023,9.258898735046387
Denmark,2024,9.730822563171387
Estonia,1950,5.027711391448975
Estonia,1951,4.845483779907227
Estonia,1952,4.209436416625977
Estonia,1953,5.400416851043701
Estonia,1954,4.849629878997803
Estonia,1955,4.194789409637451
Estonia,1956,3.3246493339538574
Estonia,1957,5.495804309844971
Estonia,1958,4.184701919555664
Estonia,1959,5.766586780548096
Estonia,1960,4.67933464050293
Estonia,1961,6.32727575302124
Estonia,1962,4.4845709800720215
Estonia,1963,4.022606372833252
Estonia,1964,4.963900089263916
Estonia,1965,4.2991790771484375
Estonia,1966,3.929779052734375
Estonia,1967,5.241696357727051
Estonia,1968,4.504786014556885
Estonia,1969,3.5700623989105225
Estonia,1970,4.141570568084717
Estonia,1971,5.289997577667236
Estonia,1972,5.698750019073486
Estonia,1973,5.337974548339844
Estonia,1974,6.110670566558838
Estonia,1975,6.777609825134277
Estonia,1976,3.6372263431549072
Estonia,1977,4.616857528686523
Estonia,1978,3.7381694316864014
Estonia,1979,4.788040637969971
Estonia,1980,4.3284807205200195
Estonia,1981,5.143041133880615
Estonia,1982,5.476072311401367
Estonia,1983,6.225818634033203
Estonia,1984,5.667525768280029
Estonia,1985,3.6268935203552246
Estonia,1986,4.96384859085083
Estonia,1987,3.280888080596924
Estonia,1988,5.667836666107178
Estonia,1989,7.158957481384277
Estonia,1990,6.664863109588623
Estonia,1991,6.280391693115234
Estonia,1992,6.403509140014648
Estonia,1993,5.055532455444336
Estonia,1994,5.279260635375977
Estonia,1995,6.153634071350098
Estonia,1996,4.492056846618652
Estonia,1997,5.752504348754883
Estonia,1998,5.325209617614746
Estonia,1999,6.521570682525635
Estonia,2000,6.946597099304199
Estonia,2001,5.9709367752075195
Estonia,2002,6.172981262207031
Estonia,2003,5.641989707946777
Estonia,2004,5.838474750518799
Estonia,2005,5.83846378326416
Estonia,2006,6.4663987159729
Estonia,2007,6.725306510925293
Estonia,2008,7.074953079223633
Estonia,2009,5.8597517013549805
Estonia,2010,4.877908229827881
Estonia,2011,6.813572883605957
Estonia,2012,5.219009876251221
Estonia,2013,6.478237152099609
Estonia,2014,6.698789119720459
Estonia,2015,7.232501983642578
Estonia,2016,6.323726654052734
Estonia,2017,6.153290271759033
Estonia,2018,6.9290080070495605
Estonia,2019,7.239297866821289
Estonia,2020,8.068192481994629
Estonia,2021,6.373955726623535
Estonia,2022,6.785323619842529
Estonia,2023,6.9879469871521
Estonia,2024,7.912017822265625
Finland,1950,2.1600875854492188
Finland,1951,1.352840542793274
Finland,1952,0.9629801511764526
Finland,1953,2.61599063873291
Finland,1954,2.1339163780212402
Finland,1955,-0.5022612810134888
Finland,1956,-0.45688217878341675
Finland,1957,1.7469369173049927
Finland,1958,0.17124992609024048
Finland,1959,2.3635990619659424
Finland,1960,1.6150128841400146
Finland,1961,2.8285317420959473
Finland,1962,0.6299602389335632
Finland,1963,1.0901899337768555
Finland,1964,1.6622917652130127
Finland,1965,0.6179961562156677
Finland,1966,-0.46579989790916443
Finland,1967,1.6834169626235962
Finland,1968,0.15837755799293518
Finland,1969,0.3767407536506653
Finland,1970,1.0008020401000977
Finland,1971,0.5151876211166382
Finland,1972,2.6308300495147705
Finland,1973,1.2718538045883179
Finland,1974,3.1477973461151123
Finland,1975,2.5718743801116943
Finland,1976,-0.009026532992720604
Finland,1977,0.8822860717773438
Finland,1978,-0.14531391859054565
Finland,1979,1.236209511756897
Finland,1980,0.5484895706176758
Finland,1981,0.5482829213142395
Finland,1982,1.5072767734527588
Finland,1983,1.683066725730896
Finland,1984,2.1574764251708984
Finland,1985,-0.773514449596405
Finland,1986,0.8860192894935608
Finland,1987,-0.4986177682876587
Finland,1988,1.5326637029647827
Finland,1989,3.429204225540161
Finland,1990,2.600154161453247
Finland,1991,2.0560405254364014
Finland,1992,2.347313165664673
Finland,1993,1.4949547052383423
Finland,1994,1.5609134435653687
Finland,1995,2.0469069480895996
Finland,1996,1.4463729858398438
Finland,1997,1.9277269840240479
Finland,1998,0.9219943881034851
Finland,1999,2.0289926528930664
Finland,2000,3.3110709190368652
Finland,2001,1.8002879619598389
Finland,2002,1.9011039733886719
Finland,2003,2.276428699493408
Finland,2004,2.3896055221557617
Finland,2005,3.0904884338378906
Finland,2006,2.739311933517456
Finland,2007,2.9535703659057617
Finland,2008,2.9399189949035645
Finland,2009,2.230330228805542
Finland,2010,0.9800100922584534
Finland,2011,3.450223445892334
Finland,2012,1.6316921710968018
Finland,2013,3.2568342685699463
Finland,2014,3.44953989982605
Finland,2015,3.7594943046569824
Finland,2016,3.0412607192993164
Finland,2017,2.472581148147583
Finland,2018,3.23852276802063
Finland,2019,2.6241185665130615
Finland,2020,4.305795192718506
Finland,2021,2.3690345287323
Finland,2022,3.3148772716522217
Finland,2023,2.73947811126709
Finland,2024,3.578695297241211
France,1950,10.673336029052734
France,1951,10.306669235229492
France,1952,10.45083999633789
France,1953,10.442779541015625
France,1954,9.910601615905762
France,1955,10.413822174072266
France,1956,9.107707023620605
France,1957,10.40259838104248
France,1958,10.322542190551758
France,1959,11.200886726379395
France,1960,10.348443031311035
France,1961,11.16329288482666
France,1962,9.584178924560547
France,1963,9.198661804199219
France,1964,10.264232635498047
France,1965,9.776198387145996
France,1966,10.52845287322998
France,1967,10.426839828491211
France,1968,10.053159713745117
France,1969,10.018045425415039
France,1970,10.109590530395508
France,1971,10.035658836364746
France,1972,9.73001766204834
France,1973,9.994446754455566
France,1974,10.33285903930664
France,1975,10.216431617736816
France,1976,10.592672348022461
France,1977,10.28083324432373
France,1978,9.813695907592773
France,1979,9.968706130981445
France,1980,9.56407642364502
France,1981,10.334716796875
France,1982,11.03123950958252
France,1983,10.75758171081543
France,1984,10.015317916870117
France,1985,9.757826805114746
France,1986,10.090726852416992
France,1987,10.103469848632812
France,1988,10.904435157775879
France,1989,11.452779769897461
France,1990,11.42768383026123
France,1991,10.373576164245605
France,1992,10.721739768981934
France,1993,10.360459327697754
France,1994,11.606657028198242
France,1995,11.132277488708496
France,1996,10.087809562683105
France,1997,11.387146949768066
France,1998,10.752700805664062
France,1999,11.20603084564209
France,2000,11.320189476013184
France,2001,10.952498435974121
France,2002,11.393434524536133
France,2003,11.74561595916748
France,2004,10.838540077209473
France,2005,10.839743614196777
France,2006,11.514434814453125
France,2007,11.119318008422852
France,2008,10.740710258483887
France,2009,11.189300537109375
France,2010,10.070717811584473
France,2011,11.888103485107422
France,2012,11.006606101989746
France,2013,10.569418907165527
France,2014,11.893950462341309
France,2015,11.784969329833984
France,2016,11.266737937927246
France,2017,11.53870677947998
France,2018,12.114128112792969
France,2019,11.884035110473633
France,2020,12.391711235046387
France,2021,11.095292091369629
France,2022,12.78432846069336
France,2023,12.585064888000488
France,2024,12.112467765808105
Germany,1950,8.653962135314941
Germany,1951,8.78827953338623
Germany,1952,8.001358985900879
Germany,1953,9.029019355773926
Germany,1954,7.797356605529785
Germany,1955,7.619404315948486
Germany,1956,6.930241107940674
Germany,1957,8.630005836486816
Germany,1958,8.277556419372559
Germany,1959,9.110296249389648
Germany,1960,8.458074569702148
Germany,1961,8.984342575073242
Germany,1962,7.202663421630859
Germany,1963,7.179477691650391
Germany,1964,8.160954475402832
Germany,1965,7.563234329223633
Germany,1966,8.552465438842773
Germany,1967,8.958012580871582
Germany,1968,8.185286521911621
Germany,1969,7.834738254547119
Germany,1970,7.783876895904541
Germany,1971,8.507258415222168
Germany,1972,7.848790168762207
Germany,1973,8.28771686553955
Germany,1974,8.884174346923828
Germany,1975,9.003643989562988
Germany,1976,8.51477336883545
Germany,1977,8.725153923034668
Germany,1978,7.869850158691406
Germany,1979,7.7835235595703125
Germany,1980,7.6627631187438965
Germany,1981,8.258932113647461
Germany,1982,8.965778350830078
Germany,1983,9.143308639526367
Germany,1984,8.026615142822266
Germany,1985,7.5170488357543945
Germany,1986,8.038275718688965
Germany,1987,7.489020824432373
Germany,1988,9.119485855102539
Germany,1989,9.543025016784668
Germany,1990,9.539239883422852
Germany,1991,8.478835105895996
Germany,1992,9.409149169921875
Germany,1993,8.540338516235352
Germany,1994,9.786092758178711
Germany,1995,8.949259757995605
Germany,1996,7.239213943481445
Germany,1997,8.938765525817871
Germany,1998,9.120063781738281
Germany,1999,9.5895414352417
Germany,2000,9.918074607849121
Germany,2001,9.10903549194336
Germany,2002,9.602755546569824
Germany,2003,9.474080085754395
Germany,2004,8.99760913848877
Germany,2005,9.102313995361328
Germany,2006,9.658896446228027
Germany,2007,9.931413650512695
Germany,2008,9.533041954040527
Germany,2009,9.254064559936523
Germany,2010,7.91837739944458
Germany,2011,9.722917556762695
Germany,2012,9.166769027709961
Germany,2013,8.807269096374512
Germany,2014,10.396149635314941
Germany,2015,10.03805923461914
Germany,2016,9.598600387573242
Germany,2017,9.655606269836426
Germany,2018,10.561532974243164
Germany,2019,10.339151382446289
Germany,2020,10.47060775756836
Germany,2021,9.222660064697266
Germany,2022,10.583032608032227
Germany,2023,10.693532943725586
Germany,2024,10.925118446350098
Greece,1950,14.673645973205566
Greece,1951,14.450325965881348
Greece,1952,14.934727668762207
Greece,1953,13.479619026184082
Greece,1954,13.785831451416016
Greece,1955,14.522557258605957
Greece,1956,13.349859237670898
Greece,1957,13.919281959533691
Greece,1958,14.082915306091309
Greece,1959,13.040496826171875
Greece,1960,14.284379959106445
Greece,1961,14.335978507995605
Greece,1962,14.446847915649414
Greece,1963,14.326460838317871
Greece,1964,13.30237102508545
Greece,1965,13.212851524353027
Greece,1966,14.181511878967285
Greece,1967,13.216684341430664
Greece,1968,13.370216369628906
Greece,1969,13.537775993347168
Greece,1970,13.51624870300293
Greece,1971,13.343696594238281
Greece,1972,13.394899368286133
Greece,1973,13.076979637145996
Greece,1974,13.075901985168457
Greece,1975,13.124382972717285
Greece,1976,12.51980209350586
Greece,1977,13.841949462890625
Greece,1978,13.190838813781738
Greece,1979,13.539224624633789
Greece,1980,12.837244987487793
Greece,1981,13.230399131774902
Greece,1982,13.062582015991211
Greece,1983,12.868589401245117
Greece,1984,13.156352996826172
Greece,1985,13.586771965026855
Greece,1986,13.35270881652832
Greece,1987,13.108175277709961
Greece,1988,13.361340522766113
Greece,1989,13.154815673828125
Greece,1990,13.70642375946045
Greece,1991,12.53551197052002
Greece,1992,12.975196838378906
Greece,1993,13.325946807861328
Greece,1994,14.352648735046387
Greece,1995,13.307676315307617
Greece,1996,13.0814790725708
Greece,1997,13.049099922180176
Greece,1998,13.974579811096191
Greece,1999,14.193313598632812
Greece,2000,13.754940032958984
Greece,2001,14.26465892791748
Greece,2002,13.887077331542969
Greece,2003,13.982149124145508
Greece,2004,13.810707092285156
Greece,2005,13.445484161376953
Greece,2006,13.450377464294434
Greece,2007,14.2750244140625
Greece,2008,14.178133010864258
Greece,2009,14.106793403625488
Greece,2010,14.52387523651123
Greece,2011,13.462861061096191
Greece,2012,14.171296119689941
Greece,2013,14.374884605407715
Greece,2014,14.186867713928223
Greece,2015,13.92040729522705
Greece,2016,14.280055046081543
Greece,2017,13.934941291809082
Greece,2018,14.591617584228516
Greece,2019,14.467923164367676
Greece,2020,14.223000526428223
Greece,2021,14.251899719238281
Greece,2022,14.31253433227539
Greece,2023,14.781848907470703
Greece,2024,15.667914390563965
Hungary,1950,11.16169548034668
Hungary,1951,11.358394622802734
Hungary,1952,10.514836311340332
Hungary,1953,10.410770416259766
Hungary,1954,9.367951393127441
Hungary,1955,9.765531539916992
Hungary,1956,8.902493476867676
Hungary,1957,10.370562553405762
Hungary,1958,10.446090698242188
Hungary,1959,10.395988464355469
Hungary,1960,10.367226600646973
Hungary,1961,10.849316596984863
Hungary,1962,9.520159721374512
Hungary,1963,9.523870468139648
Hungary,1964,9.459656715393066
Hungary,1965,9.194231986999512
Hungary,1966,10.62366008758545
Hungary,1967,10.486226081848145
Hungary,1968,10.339603424072266
Hungary,1969,9.6945219039917
Hungary,1970,9.777260780334473
Hungary,1971,10.153864860534668
Hungary,1972,10.264595985412598
Hungary,1973,9.988078117370605
Hungary,1974,10.601478576660156
Hungary,1975,10.715298652648926
Hungary,1976,9.848867416381836
Hungary,1977,10.348725318908691
Hungary,1978,9.311532974243164
Hungary,1979,10.39299201965332
Hungary,1980,8.944448471069336
Hungary,1981,10.276687622070312
Hungary,1982,10.353837013244629
Hungary,1983,10.831864356994629
Hungary,1984,9.84057331085205
Hungary,1985,9.247758865356445
Hungary,1986,10.029709815979004
Hungary,1987,9.656885147094727
Hungary,1988,10.287489891052246
Hungary,1989,10.79462718963623
Hungary,1990,10.900228500366211
Hungary,1991,9.775421142578125
Hungary,1992,11.106307029724121
Hungary,1993,10.261377334594727
Hungary,1994,11.623605728149414
Hungary,1995,10.503692626953125
Hungary,1996,9.653656959533691
Hungary,1997,10.202469825744629
Hungary,1998,10.625514030456543
Hungary,1999,10.763931274414062
Hungary,2000,11.85715103149414
Hungary,2001,10.734790802001953
Hungary,2002,11.27438735961914
Hungary,2003,10.35255241394043
Hungary,2004,10.079245567321777
Hungary,2005,9.746753692626953
Hungary,2006,10.474724769592285
Hungary,2007,11.616068840026855
Hungary,2008,11.34787368774414
Hungary,2009,11.25328254699707
Hungary,2010,10.157074928283691
Hungary,2011,10.764459609985352
Hungary,2012,11.291082382202148
Hungary,2013,11.076292037963867
Hungary,2014,11.916204452514648
Hungary,2015,11.69287395477295
Hungary,2016,11.054495811462402
Hungary,2017,11.100420951843262
Hungary,2018,12.064996719360352
Hungary,2019,12.153180122375488
Hungary,2020,11.533049583435059
Hungary,2021,10.937600135803223
Hungary,2022,11.91181755065918
Hungary,2023,12.334953308105469
Hungary,2024,13.126922607421875
Ireland,1950,9.072410583496094
Ireland,1951,8.77583122253418
Ireland,1952,8.89017105102539
Ireland,1953,9.553308486938477
Ireland,1954,8.99315071105957
Ireland,1955,9.194687843322754
Ireland,1956,9.03635311126709
Ireland,1957,9.678433418273926
Ireland,1958,9.307547569274902
Ireland,1959,9.91322135925293
Ireland,1960,9.130624771118164
Ireland,1961,9.297429084777832
Ireland,1962,8.547253608703613
Ireland,1963,8.35007095336914
Ireland,1964,9.32966423034668
Ireland,1965,8.621292114257812
Ireland,1966,9.198372840881348
Ireland,1967,9.053380966186523
Ireland,1968,9.142183303833008
Ireland,1969,8.927125930786133
Ireland,1970,9.213801383972168
Ireland,1971,9.641172409057617
Ireland,1972,8.766530990600586
Ireland,1973,9.452720642089844
Ireland,1974,9.053441047668457
Ireland,1975,9.691664695739746
Ireland,1976,9.417248725891113
Ireland,1977,9.14312744140625
Ireland,1978,9.253218650817871
Ireland,1979,8.424426078796387
Ireland,1980,9.057052612304688
Ireland,1981,9.217096328735352
Ireland,1982,9.415756225585938
Ireland,1983,9.727526664733887
Ireland,1984,9.330527305603027
Ireland,1985,8.681082725524902
Ireland,1986,8.325407981872559
Ireland,1987,9.066993713378906
Ireland,1988,9.464165687561035
Ireland,1989,9.918290138244629
Ireland,1990,9.914824485778809
Ireland,1991,9.506829261779785
Ireland,1992,9.346567153930664
Ireland,1993,9.216825485229492
Ireland,1994,9.51866340637207
Ireland,1995,10.126373291015625
Ireland,1996,9.166728973388672
Ireland,1997,10.340682029724121
Ireland,1998,10.111311912536621
Ireland,1999,10.107768058776855
Ireland,2000,9.6856107711792
Ireland,2001,9.606565475463867
Ireland,2002,9.993683815002441
Ireland,2003,10.156472206115723
Ireland,2004,10.011967658996582
Ireland,2005,10.21138858795166
Ireland,2006,10.2765474319458
Ireland,2007,10.379398345947266
Ireland,2008,9.575907707214355
Ireland,2009,9.5599365234375
Ireland,2010,8.609046936035156
Ireland,2011,9.969564437866211
Ireland,2012,9.736837387084961
Ireland,2013,9.595780372619629
Ireland,2014,10.094854354858398
Ireland,2015,9.489130973815918
Ireland,2016,9.798792839050293
Ireland,2017,10.097755432128906
Ireland,2018,9.925910949707031
Ireland,2019,9.965002059936523
Ireland,2020,9.882696151733398
Ireland,2021,10.128477096557617
Ireland,2022,10.353583335876465
Ireland,2023,10.693013191223145
Ireland,2024,10.210712432861328
Italy,1950,12.931405067443848
Italy,1951,12.404623031616211
Italy,1952,12.330259323120117
Italy,1953,12.335094451904297
Italy,1954,11.678095817565918
Italy,1955,12.336233139038086
Italy,1956,11.26481819152832
Italy,1957,12.326181411743164
Italy,1958,12.084589004516602
Italy,1959,12.059460639953613
Italy,1960,11.935481071472168
Italy,1961,12.616135597229004
Italy,1962,11.656147003173828
Italy,1963,11.665353775024414
Italy,1964,12.08887004852295
Italy,1965,11.507912635803223
Italy,1966,12.109487533569336
Italy,1967,12.276668548583984
Italy,1968,11.864455223083496
Italy,1969,11.650678634643555
Italy,1970,11.919524192810059
Italy,1971,11.915365219116211
Italy,1972,11.833128929138184
Italy,1973,11.950302124023438
Italy,1974,11.965558052062988
Italy,1975,12.132692337036133
Italy,1976,11.493915557861328
Italy,1977,12.24998664855957
Italy,1978,11.507025718688965
Italy,1979,11.905250549316406
Italy,1980,11.199463844299316
Italy,1981,11.8234281539917
Italy,1982,12.511161804199219
Italy,1983,12.149550437927246
Italy,1984,11.371039390563965
Italy,1985,12.018182754516602
Italy,1986,12.140355110168457
Italy,1987,12.236297607421875
Italy,1988,12.576828002929688
Italy,1989,12.409846305847168
Italy,1990,12.686507225036621
Italy,1991,11.790849685668945
Italy,1992,12.459227561950684
Italy,1993,12.241861343383789
Italy,1994,13.182913780212402
Italy,1995,11.96530818939209
Italy,1996,11.821629524230957
Italy,1997,12.685718536376953
Italy,1998,12.552621841430664
Italy,1999,12.69162654876709
Italy,2000,13.166061401367188
Italy,2001,12.94981575012207
Italy,2002,13.121578216552734
Italy,2003,13.486638069152832
Italy,2004,12.708752632141113
Italy,2005,12.265769004821777
Italy,2006,13.02275562286377
Italy,2007,13.297233581542969
Italy,2008,12.948854446411133
Italy,2009,13.004355430603027
Italy,2010,12.24222469329834
Italy,2011,13.179391860961914
Italy,2012,13.105950355529785
Italy,2013,12.820890426635742
Italy,2014,13.443201065063477
Italy,2015,13.528603553771973
Italy,2016,13.059439659118652
Italy,2017,13.042344093322754
Italy,2018,13.297656059265137
Italy,2019,13.329588890075684
Italy,2020,13.202853202819824
Italy,2021,12.830015182495117
Italy,2022,13.686392784118652
Italy,2023,13.676156044006348
Italy,2024,13.942054748535156
Latvia,1950,5.675583362579346
Latvia,1951,5.541855335235596
Latvia,1952,4.823997497558594
Latvia,1953,5.843660354614258
Latvia,1954,5.24660062789917
Latvia,1955,5.062202453613281
Latvia,1956,3.8744308948516846
Latvia,1957,6.289713382720947
Latvia,1958,5.143065929412842
Latvia,1959,6.376455307006836
Latvia,1960,5.448287010192871
Latvia,1961,6.771096229553223
Latvia,1962,5.028442859649658
Latvia,1963,4.696993350982666
Latvia,1964,5.424777507781982
Latvia,1965,4.728846549987793
Latvia,1966,5.0790114402771
Latvia,1967,6.076575756072998
Latvia,1968,5.186768531799316
Latvia,1969,4.1131272315979
Latvia,1970,4.829388618469238
Latvia,1971,6.132231712341309
Latvia,1972,6.224297046661377
Latvia,1973,5.972325801849365
Latvia,1974,6.491174697875977
Latvia,1975,7.448196887969971
Latvia,1976,4.273586750030518
Latvia,1977,5.380244255065918
Latvia,1978,4.630692958831787
Latvia,1979,5.133877277374268
Latvia,1980,4.658795356750488
Latvia,1981,5.781264781951904
Latvia,1982,6.051871299743652
Latvia,1983,6.905328750610352
Latvia,1984,6.087417125701904
Latvia,1985,4.269355773925781
Latvia,1986,5.543020248413086
Latvia,1987,3.9400033950805664
Latvia,1988,6.148992538452148
Latvia,1989,7.6161065101623535
Latvia,1990,7.398375511169434
Latvia,1991,6.74560022354126
Latvia,1992,6.961838245391846
Latvia,1993,5.6757493019104
Latvia,1994,6.017071723937988
Latvia,1995,6.525783061981201
Latvia,1996,4.981932163238525
Latvia,1997,6.252414703369141
Latvia,1998,5.992077827453613
Latvia,1999,7.143036365509033
Latvia,2000,7.498895168304443
Latvia,2001,6.573564052581787
Latvia,2002,6.910382270812988
Latvia,2003,6.25978946685791
Latvia,2004,6.220763206481934
Latvia,2005,6.245088577270508
Latvia,2006,7.034914970397949
Latvia,2007,7.205119609832764
Latvia,2008,7.563991069793701
Latvia,2009,6.457289218902588
Latvia,2010,5.753995895385742
Latvia,2011,7.377357006072998
Latvia,2012,6.16428279876709
Latvia,2013,6.918551921844482
Latvia,2014,7.295807361602783
Latvia,2015,7.73943567276001
Latvia,2016,6.988503932952881
Latvia,2017,6.802480220794678
Latvia,2018,7.573112487792969
Latvia,2019,8.095122337341309
Latvia,2020,8.634514808654785
Latvia,2021,6.886676788330078
Latvia,2022,7.279691696166992
Latvia,2023,7.83473539352417
Latvia,2024,8.707356452941895
Lithuania,1950,6.438271999359131
Lithuania,1951,6.434503555297852
Lithuania,1952,5.474462032318115
Lithuania,1953,6.504128456115723
Lithuania,1954,5.8180155754089355
Lithuania,1955,5.855658531188965
Lithuania,1956,4.533191204071045
Lithuania,1957,6.971174240112305
Lithuania,1958,5.907444000244141
Lithuania,1959,6.9715962409973145
Lithuania,1960,6.194044589996338
Lithuania,1961,7.214385032653809
Lithuania,1962,5.557706832885742
Lithuania,1963,5.468475341796875
Lithuania,1964,5.7992682456970215
Lithuania,1965,5.1342973709106445
Lithuania,1966,6.0351762771606445
Lithuania,1967,6.861382484436035
Lithuania,1968,5.770163059234619
Lithuania,1969,4.579081058502197
Lithuania,1970,5.340387344360352
Lithuania,1971,6.744776725769043
Lithuania,1972,6.6290130615234375
Lithuania,1973,6.435435771942139
Lithuania,1974,6.813704013824463
Lithuania,1975,7.920138359069824
Lithuania,1976,4.861840724945068
Lithuania,1977,5.972808837890625
Lithuania,1978,5.321002006530762
Lithuania,1979,5.505302429199219
Lithuania,1980,4.918520927429199
Lithuania,1981,6.302685737609863
Lithuania,1982,6.611134052276611
Lithuania,1983,7.387616157531738
Lithuania,1984,6.455741882324219
Lithuania,1985,4.734220027923584
Lithuania,1986,5.874649524688721
Lithuania,1987,4.389196872711182
Lithuania,1988,6.4672160148620605
Lithuania,1989,7.987185001373291
Lithuania,1990,7.881442546844482
Lithuania,1991,7.036856651306152
Lithuania,1992,7.405064105987549
Lithuania,1993,6.177755832672119
Lithuania,1994,6.766777515411377
Lithuania,1995,6.857420444488525
Lithuania,1996,5.3082990646362305
Lithuania,1997,6.602165699005127
Lithuania,1998,6.516861915588379
Lithuania,1999,7.600803852081299
Lithuania,2000,7.995085716247559
Lithuania,2001,7.052983283996582
Lithuania,2002,7.670219421386719
Lithuania,2003,6.776888370513916
Lithuania,2004,6.673075199127197
Lithuania,2005,6.8276286125183105
Lithuania,2006,7.415245056152344
Lithuania,2007,7.790309429168701
Lithuania,2008,8.08480453491211
Lithuania,2009,6.995216369628906
Lithuania,2010,6.196131229400635
Lithuania,2011,7.571052074432373
Lithuania,2012,6.638594627380371
Lithuania,2013,7.231837272644043
Lithuania,2014,7.749857425689697
Lithuania,2015,8.170575141906738
Lithuania,2016,7.4357709884643555
Lithuania,2017,7.335903167724609
Lithuania,2018,8.093228340148926
Lithuania,2019,8.626784324645996
Lithuania,2020,8.949528694152832
Lithuania,2021,7.13662576675415
Lithuania,2022,7.733443260192871
Lithuania,2023,8.531399726867676
Lithuania,2024,9.35933780670166
Luxembourg,1950,8.765520095825195
Luxembourg,1951,8.764431953430176
Luxembourg,1952,8.182014465332031
Luxembourg,1953,8.892123222351074
Luxembourg,1954,7.951876640319824
Luxembourg,1955,7.916027545928955
Luxembourg,1956,7.216850757598877
Luxembourg,1957,8.748581886291504
Luxembourg,1958,8.452171325683594
Luxembourg,1959,9.667088508605957
Luxembourg,1960,8.656003952026367
Luxembourg,1961,9.228363037109375
Luxembourg,1962,7.3450822830200195
Luxembourg,1963,7.201349258422852
Luxembourg,1964,8.524828910827637
Luxembourg,1965,7.801855564117432
Luxembourg,1966,8.84647274017334
Luxembourg,1967,8.789205551147461
Luxembourg,1968,8.111413955688477
Luxembourg,1969,8.304773330688477
Luxembourg,1970,8.242663383483887
Luxembourg,1971,8.540733337402344
Luxembourg,1972,8.001392364501953
Luxembourg,1973,8.43845272064209
Luxembourg,1974,8.775753021240234
Luxembourg,1975,8.92108154296875
Luxembourg,1976,9.126482009887695
Luxembourg,1977,8.636479377746582
Luxembourg,1978,7.718212127685547
Luxembourg,1979,7.791958808898926
Luxembourg,1980,7.753421783447266
Luxembourg,1981,8.386499404907227
Luxembourg,1982,9.023541450500488
Luxembourg,1983,9.0470552444458
Luxembourg,1984,8.263818740844727
Luxembourg,1985,7.4885406494140625
Luxembourg,1986,8.034719467163086
Luxembourg,1987,7.794335842132568
Luxembourg,1988,9.18842887878418
Luxembourg,1989,9.616903305053711
Luxembourg,1990,9.585403442382812
Luxembourg,1991,8.723048210144043
Luxembourg,1992,9.411283493041992
Luxembourg,1993,8.842910766601562
Luxembourg,1994,10.050760269165039
Luxembourg,1995,9.588465690612793
Luxembourg,1996,7.835054397583008
Luxembourg,1997,9.435218811035156
Luxembourg,1998,9.095061302185059
Luxembourg,1999,9.707856178283691
Luxembourg,2000,10.097493171691895
Luxembourg,2001,9.826732635498047
Luxembourg,2002,10.580911636352539
Luxembourg,2003,10.529081344604492
Luxembourg,2004,9.752711296081543
Luxembourg,2005,9.76923942565918
Luxembourg,2006,10.106184005737305
Luxembourg,2007,10.47186279296875
Luxembourg,2008,9.809507369995117
Luxembourg,2009,9.903286933898926
Luxembourg,2010,8.700671195983887
Luxembourg,2011,10.569472312927246
Luxembourg,2012,9.205464363098145
Luxembourg,2013,8.673718452453613
Luxembourg,2014,10.27306842803955
Luxembourg,2015,9.913225173950195
Luxembourg,2016,9.263408660888672
Luxembourg,2017,9.475568771362305
Luxembourg,2018,10.181520462036133
Luxembourg,2019,9.772965431213379
Luxembourg,2020,10.400177001953125
Luxembourg,2021,8.961006164550781
Luxembourg,2022,10.207261085510254
Luxembourg,2023,10.159849166870117
Luxembourg,2024,10.49291706085205
Netherlands,1950,9.551071166992188
Netherlands,1951,9.593308448791504
Netherlands,1952,8.945306777954102
Netherlands,1953,9.7933349609375
Netherlands,1954,9.014906883239746
Netherlands,1955,8.854533195495605
Netherlands,1956,8.160326957702637
Netherlands,1957,9.859230995178223
Netherlands,1958,9.383316993713379
Netherlands,1959,10.184487342834473
Netherlands,1960,9.639284133911133
Netherlands,1961,9.873424530029297
Netherlands,1962,8.103225708007812
Netherlands,1963,7.811254024505615
Netherlands,1964,9.088544845581055
Netherlands,1965,8.683308601379395
Netherlands,1966,9.410542488098145
Netherlands,1967,9.886127471923828
Netherlands,1968,9.111541748046875
Netherlands,1969,9.175777435302734
Netherlands,1970,9.077131271362305
Netherlands,1971,9.565363883972168
Netherlands,1972,8.920074462890625
Netherlands,1973,9.431411743164062
Netherlands,1974,9.713717460632324
Netherlands,1975,9.810429573059082
Netherlands,1976,9.783196449279785
Netherlands,1977,9.634498596191406
Netherlands,1978,8.929532051086426
Netherlands,1979,8.42031478881836
Netherlands,1980,9.058395385742188
Netherlands,1981,9.267849922180176
Netherlands,1982,9.986963272094727
Netherlands,1983,10.044645309448242
Netherlands,1984,9.301674842834473
Netherlands,1985,8.415438652038574
Netherlands,1986,8.877846717834473
Netherlands,1987,8.697266578674316
Netherlands,1988,10.217766761779785
Netherlands,1989,10.564184188842773
Netherlands,1990,10.616973876953125
Netherlands,1991,9.357854843139648
Netherlands,1992,10.352923393249512
Netherlands,1993,9.473095893859863
Netherlands,1994,10.506863594055176
Netherlands,1995,10.24869155883789
Netherlands,1996,8.35146427154541
Netherlands,1997,10.060164451599121
Netherlands,1998,10.1836519241333
Netherlands,1999,10.75048828125
Netherlands,2000,10.731371879577637
Netherlands,2001,10.239198684692383
Netherlands,2002,10.621298789978027
Netherlands,2003,10.312759399414062
Netherlands,2004,10.242598533630371
Netherlands,2005,10.477506637573242
Netherlands,2006,10.990509986877441
Netherlands,2007,11.010329246520996
Netherlands,2008,10.396814346313477
Netherlands,2009,10.339357376098633
Netherlands,2010,8.909052848815918
Netherlands,2011,10.725141525268555
Netherlands,2012,10.117088317871094
Netherlands,2013,9.654827117919922
Netherlands,2014,11.524868965148926
Netherlands,2015,10.725128173828125
Netherlands,2016,10.55987548828125
Netherlands,2017,10.817896842956543
Netherlands,2018,11.27016830444336
Netherlands,2019,11.08725357055664
Netherlands,2020,11.52545166015625
Netherlands,2021,10.323904037475586
Netherlands,2022,11.496917724609375
Netherlands,2023,11.634031295776367
Netherlands,2024,11.670092582702637
Norway,1950,1.3859233856201172
Norway,1951,0.808975875377655
Norway,1952,0.09552977234125137
Norway,1953,2.378403663635254
Norway,1954,1.2980482578277588
Norway,1955,0.07688857614994049
Norway,1956,0.2985953390598297
Norway,1957,1.2965993881225586
Norway,1958,0.39534762501716614
Norway,1959,2.192614793777466
Norway,1960,1.2006580829620361
Norway,1961,1.8529284000396729
Norway,1962,0.12994009256362915
Norway,1963,1.0103387832641602
Norway,1964,1.3902969360351562
Norway,1965,0.18624652922153473
Norway,1966,-0.3373725712299347
Norway,1967,1.1669282913208008
Norway,1968,0.25194621086120605
Norway,1969,0.7058103084564209
Norway,1970,0.5419622659683228
Norway,1971,0.8863160610198975
Norway,1972,1.884102463722229
Norway,1973,1.0466080904006958
Norway,1974,2.109156847000122
Norway,1975,1.773746132850647
Norway,1976,0.47639939188957214
Norway,1977,0.577014684677124
Norway,1978,0.18944618105888367
Norway,1979,0.19232846796512604
Norway,1980,0.518806517124176
Norway,1981,-0.22207289934158325
Norway,1982,1.2121727466583252
Norway,1983,1.2448958158493042
Norway,1984,1.4066962003707886
Norway,1985,-0.22522825002670288
Norway,1986,0.481986939907074
Norway,1987,0.06643601506948471
Norway,1988,1.1757913827896118
Norway,1989,2.37981915473938
Norway,1990,2.6054470539093018
Norway,1991,1.796014666557312
Norway,1992,1.8836641311645508
Norway,1993,1.0166888236999512
Norway,1994,1.182735800743103
Norway,1995,1.1864911317825317
Norway,1996,0.8773890137672424
Norway,1997,1.873400092124939
Norway,1998,1.1454110145568848
Norway,1999,1.7862827777862549
Norway,2000,2.407034158706665
Norway,2001,1.2980480194091797
Norway,2002,2.091106653213501
Norway,2003,2.259106159210205
Norway,2004,2.234175205230713
Norway,2005,2.34567928314209
Norway,2006,2.720569133758545
Norway,2007,2.2619216442108154
Norway,2008,2.1243503093719482
Norway,2009,1.8553355932235718
Norway,2010,0.1376010775566101
Norway,2011,2.766757011413574
Norway,2012,1.1267800331115723
Norway,2013,1.961194634437561
Norway,2014,2.8540468215942383
Norway,2015,2.4759411811828613
Norway,2016,2.247995615005493
Norway,2017,1.7298355102539062
Norway,2018,2.138369560241699
Norway,2019,1.7527371644973755
Norway,2020,2.8438150882720947
Norway,2021,1.6260429620742798
Norway,2022,2.353095293045044
Norway,2023,1.6639047861099243
Norway,2024,2.857938528060913
Poland,1950,7.993866443634033
Poland,1951,8.40633487701416
Poland,1952,7.130464553833008
Poland,1953,8.250617027282715
Poland,1954,6.955160617828369
Poland,1955,7.1827778816223145
Poland,1956,6.049522399902344
Poland,1957,8.039941787719727
Poland,1958,7.570391654968262
Poland,1959,8.194786071777344
Poland,1960,7.661729335784912
Poland,1961,8.198723793029785
Poland,1962,6.787245750427246
Poland,1963,6.746416091918945
Poland,1964,7.158767223358154
Poland,1965,6.554756164550781
Poland,1966,7.954448223114014
Poland,1967,8.52437973022461
Poland,1968,7.664594650268555
Poland,1969,6.528871536254883
Poland,1970,6.8326802253723145
Poland,1971,7.943603992462158
Poland,1972,7.566439151763916
Poland,1973,7.613323211669922
Poland,1974,8.002429008483887
Poland,1975,8.677814483642578
Poland,1976,6.833802223205566
Poland,1977,7.814469337463379
Poland,1978,6.920071601867676
Poland,1979,7.088158130645752
Poland,1980,6.315640449523926
Poland,1981,7.571430206298828
Poland,1982,8.12962818145752
Poland,1983,8.754875183105469
Poland,1984,7.546482563018799
Poland,1985,6.525113582611084
Poland,1986,7.280840873718262
Poland,1987,6.276506423950195
Poland,1988,8.091887474060059
Poland,1989,9.141416549682617
Poland,1990,8.992656707763672
Poland,1991,7.728175163269043
Poland,1992,8.578208923339844
Poland,1993,7.64611291885376
Poland,1994,8.73814582824707
Poland,1995,8.037233352661133
Poland,1996,6.334392547607422
Poland,1997,7.640610218048096
Poland,1998,8.03713321685791
Poland,1999,8.71123218536377
Poland,2000,9.27013874053955
Poland,2001,8.06126880645752
Poland,2002,8.886150360107422
Poland,2003,8.053618431091309
Poland,2004,8.041228294372559
Poland,2005,8.046010971069336
Poland,2006,8.443214416503906
Poland,2007,9.124024391174316
Poland,2008,9.133830070495605
Poland,2009,8.299671173095703
Poland,2010,7.3018574714660645
Poland,2011,8.684039115905762
Poland,2012,8.252424240112305
Poland,2013,8.284976959228516
Poland,2014,9.37482738494873
Poland,2015,9.598343849182129
Poland,2016,9.00200080871582
Poland,2017,8.845817565917969
Poland,2018,9.690080642700195
Poland,2019,10.08173942565918
Poland,2020,9.788022994995117
Poland,2021,8.497956275939941
Poland,2022,9.371742248535156
Poland,2023,9.968281745910645
Poland,2024,10.807132720947266
Portugal,1950,14.968827247619629
Portugal,1951,14.321026802062988
Portugal,1952,14.571374893188477
Portugal,1953,15.238078117370605
Portugal,1954,14.452942848205566
Portugal,1955,15.611916542053223
Portugal,1956,13.681868553161621
Portugal,1957,14.54769229888916
Portugal,1958,14.547589302062988
Portugal,1959,14.811448097229004
Portugal,1960,14.490311622619629
Portugal,1961,15.535396575927734
Portugal,1962,14.75472354888916
Portugal,1963,14.422931671142578
Portugal,1964,14.81670093536377
Portugal,1965,14.429292678833008
Portugal,1966,14.7269287109375
Portugal,1967,14.375570297241211
Portugal,1968,14.598876953125
Portugal,1969,14.063377380371094
Portugal,1970,14.381058692932129
Portugal,1971,13.803607940673828
Portugal,1972,13.497605323791504
Portugal,1973,14.283893585205078
Portugal,1974,14.129877090454102
Portugal,1975,14.158441543579102
Portugal,1976,14.328485488891602
Portugal,1977,14.303293228149414
Portugal,1978,14.60876750946045
Portugal,1979,14.555475234985352
Portugal,1980,14.575115203857422
Portugal,1981,15.348014831542969
Portugal,1982,14.806331634521484
Portugal,1983,14.874388694763184
Portugal,1984,14.302125930786133
Portugal,1985,14.867634773254395
Portugal,1986,14.399504661560059
Portugal,1987,15.396928787231445
Portugal,1988,14.747748374938965
Portugal,1989,15.822391510009766
Portugal,1990,15.454607009887695
Portugal,1991,14.957877159118652
Portugal,1992,14.79082202911377
Portugal,1993,14.076803207397461
Portugal,1994,14.994283676147461
Portugal,1995,16.02317237854004
Portugal,1996,14.963262557983398
Portugal,1997,16.007585525512695
Portugal,1998,15.463299751281738
Portugal,1999,14.89747142791748
Portugal,2000,14.992035865783691
Portugal,2001,15.1227445602417
Portugal,2002,15.210739135742188
Portugal,2003,15.540081977844238
Portugal,2004,15.229996681213379
Portugal,2005,15.306381225585938
Portugal,2006,15.777917861938477
Portugal,2007,14.957805633544922
Portugal,2008,14.827188491821289
Portugal,2009,15.686344146728516
Portugal,2010,15.461193084716797
Portugal,2011,16.24913787841797
Portugal,2012,15.469860076904297
Portugal,2013,15.181597709655762
Portugal,2014,15.572348594665527
Portugal,2015,15.887978553771973
Portugal,2016,15.766425132751465
Portugal,2017,16.394630432128906
Portugal,2018,15.43227767944336
Portugal,2019,15.725676536560059
Portugal,2020,16.243900299072266
Portugal,2021,15.407621383666992
Portugal,2022,16.387245178222656
Portugal,2023,16.307376861572266
Portugal,2024,16.168672561645508
Romania,1950,10.794856071472168
Romania,1951,10.840095520019531
Romania,1952,10.345735549926758
Romania,1953,9.690369606018066
Romania,1954,8.699506759643555
Romania,1955,9.317960739135742
Romania,1956,8.271806716918945
Romania,1957,9.858384132385254
Romania,1958,10.246594429016113
Romania,1959,9.43598461151123
Romania,1960,10.324581146240234
Romania,1961,9.199963569641113
Romania,1962,8.68482494354248
Romania,1963,8.451581001281738
Romania,1964,8.245708465576172
Romania,1965,8.086169242858887
Romania,1966,9.56833553314209
Romania,1967,8.97620964050293
Romania,1968,9.094534873962402
Romania,1969,8.092877388000488
Romania,1970,8.72067928314209
Romania,1971,8.739761352539062
Romania,1972,8.875984191894531
Romania,1973,8.242860794067383
Romania,1974,8.701717376708984
Romania,1975,9.24549388885498
Romania,1976,7.7713189125061035
Romania,1977,8.854388236999512
Romania,1978,7.986796855926514
Romania,1979,8.966596603393555
Romania,1980,7.6757073402404785
Romania,1981,8.704362869262695
Romania,1982,8.692021369934082
Romania,1983,9.145547866821289
Romania,1984,8.435710906982422
Romania,1985,7.666970729827881
Romania,1986,8.78697395324707
Romania,1987,8.136542320251465
Romania,1988,8.691558837890625
Romania,1989,9.412605285644531
Romania,1990,9.650922775268555
Romania,1991,8.328108787536621
Romania,1992,9.030041694641113
Romania,1993,8.482979774475098
Romania,1994,10.231070518493652
Romania,1995,8.8448486328125
Romania,1996,8.244111061096191
Romania,1997,8.279911994934082
Romania,1998,8.906558990478516
Romania,1999,9.574387550354004
Romania,2000,9.967057228088379
Romania,2001,9.41440200805664
Romania,2002,9.891242027282715
Romania,2003,8.98292064666748
Romania,2004,9.145334243774414
Romania,2005,8.723037719726562
Romania,2006,9.07913589477539
Romania,2007,10.494206428527832
Romania,2008,10.066410064697266
Romania,2009,10.129232406616211
Romania,2010,9.526995658874512
Romania,2011,9.27017593383789
Romania,2012,10.061144828796387
Romania,2013,10.069376945495605
Romania,2014,10.240352630615234
Romania,2015,10.590959548950195
Romania,2016,10.0779447555542
Romania,2017,10.087794303894043
Romania,2018,10.546298027038574
Romania,2019,11.01924991607666
Romania,2020,10.750812530517578
Romania,2021,9.83983039855957
Romania,2022,10.676826477050781
Romania,2023,11.441445350646973
Romania,2024,11.994959831237793
Serbia,1950,11.228071212768555
Serbia,1951,11.180558204650879
Serbia,1952,10.95699405670166
Serbia,1953,9.749565124511719
Serbia,1954,9.049878120422363
Serbia,1955,9.870418548583984
Serbia,1956,8.662548065185547
Serbia,1957,10.148673057556152
Serbia,1958,10.528050422668457
Serbia,1959,9.652963638305664
Serbia,1960,10.341609954833984
Serbia,1961,10.4449462890625
Serbia,1962,9.600687980651855
Serbia,1963,9.718411445617676
Serbia,1964,9.27758502960205
Serbia,1965,9.499146461486816
Serbia,1966,10.375957489013672
Serbia,1967,9.896215438842773
Serbia,1968,10.024198532104492
Serbia,1969,9.231691360473633
Serbia,1970,9.545981407165527
Serbia,1971,9.62446117401123
Serbia,1972,9.84253978729248
Serbia,1973,9.310050964355469
Serbia,1974,9.797505378723145
Serbia,1975,9.952747344970703
Serbia,1976,8.86133861541748
Serbia,1977,10.134915351867676
Serbia,1978,8.970653533935547
Serbia,1979,9.9898681640625
Serbia,1980,8.767475128173828
Serbia,1981,9.685707092285156
Serbia,1982,9.961273193359375
Serbia,1983,10.059205055236816
Serbia,1984,9.403280258178711
Serbia,1985,9.146358489990234
Serbia,1986,9.609965324401855
Serbia,1987,9.626340866088867
Serbia,1988,9.917428016662598
Serbia,1989,10.040526390075684
Serbia,1990,10.567294120788574
Serbia,1991,9.15485668182373
Serbia,1992,10.459539413452148
Serbia,1993,9.9651460647583
Serbia,1994,11.317405700683594
Serbia,1995,9.96299934387207
Serbia,1996,9.408899307250977
Serbia,1997,9.579224586486816
Serbia,1998,10.23730182647705
Serbia,1999,10.538681030273438
Serbia,2000,11.608502388000488
Serbia,2001,10.587543487548828
Serbia,2002,11.208481788635254
Serbia,2003,10.482362747192383
Serbia,2004,10.260035514831543
Serbia,2005,9.597424507141113
Serbia,2006,10.335897445678711
Serbia,2007,11.509645462036133
Serbia,2008,11.405489921569824
Serbia,2009,11.196427345275879
Serbia,2010,10.747400283813477
Serbia,2011,10.573348999023438
Serbia,2012,11.341666221618652
Serbia,2013,11.35124683380127
Serbia,2014,11.559662818908691
Serbia,2015,11.561186790466309
Serbia,2016,11.117066383361816
Serbia,2017,11.26266098022461
Serbia,2018,11.93032169342041
Serbia,2019,12.137532234191895
Serbia,2020,11.57702350616455
Serbia,2021,11.105608940124512
Serbia,2022,12.261146545410156
Serbia,2023,12.839700698852539
Serbia,2024,13.51628303527832
Slovakia,1950,8.3796968460083
Slovakia,1951,8.475520133972168
Slovakia,1952,7.111331939697266
Slovakia,1953,7.6584062576293945
Slovakia,1954,6.583853721618652
Slovakia,1955,6.710142135620117
Slovakia,1956,6.000852584838867
Slovakia,1957,7.6061296463012695
Slovakia,1958,7.511539936065674
Slovakia,1959,7.593457221984863
Slovakia,1960,7.573219299316406
Slovakia,1961,7.90817928314209
Slovakia,1962,6.544175624847412
Slovakia,1963,6.683857440948486
Slovakia,1964,6.789211273193359
Slovakia,1965,6.153027534484863
Slovakia,1966,7.863255977630615
Slovakia,1967,7.708205223083496
Slovakia,1968,7.4021782875061035
Slovakia,1969,6.9062089920043945
Slovakia,1970,6.882186412811279
Slovakia,1971,7.36073637008667
Slovakia,1972,7.546147346496582
Slovakia,1973,7.161142826080322
Slovakia,1974,7.787274360656738
Slovakia,1975,8.027384757995605
Slovakia,1976,6.9966559410095215
Slovakia,1977,7.557469367980957
Slovakia,1978,6.526173114776611
Slovakia,1979,7.4324212074279785
Slovakia,1980,6.010711669921875
Slovakia,1981,7.324911594390869
Slovakia,1982,7.611212253570557
Slovakia,1983,8.057157516479492
Slovakia,1984,7.083424091339111
Slovakia,1985,6.354366302490234
Slovakia,1986,7.1613383293151855
Slovakia,1987,6.659642696380615
Slovakia,1988,7.486644744873047
Slovakia,1989,8.04443073272705
Slovakia,1990,8.067489624023438
Slovakia,1991,7.186633586883545
Slovakia,1992,8.223143577575684
Slovakia,1993,7.634191036224365
Slovakia,1994,8.87419605255127
Slovakia,1995,7.806906700134277
Slovakia,1996,6.836568355560303
Slovakia,1997,7.369287967681885
Slovakia,1998,8.004375457763672
Slovakia,1999,8.233803749084473
Slovakia,2000,9.005370140075684
Slovakia,2001,7.948709011077881
Slovakia,2002,8.644964218139648
Slovakia,2003,8.034736633300781
Slovakia,2004,7.6543450355529785
Slovakia,2005,7.436041831970215
Slovakia,2006,8.061699867248535
Slovakia,2007,9.041036605834961
Slovakia,2008,9.028681755065918
Slovakia,2009,8.640298843383789
Slovakia,2010,7.800314426422119
Slovakia,2011,8.46664810180664
Slovakia,2012,8.662081718444824
Slovakia,2013,8.600534439086914
Slovakia,2014,9.802032470703125
Slovakia,2015,9.432741165161133
Slovakia,2016,8.790053367614746
Slovakia,2017,8.61605453491211
Slovakia,2018,9.71024227142334
Slovakia,2019,9.739933013916016
Slovakia,2020,9.204082489013672
Slovakia,2021,8.357307434082031
Slovakia,2022,9.454039573669434
Slovakia,2023,9.871516227722168
Slovakia,2024,10.792943000793457
Slovenia,1950,9.504666328430176
Slovenia,1951,9.610458374023438
Slovenia,1952,8.626578330993652
Slovenia,1953,8.7784423828125
Slovenia,1954,7.939065933227539
Slovenia,1955,8.19676399230957
Slovenia,1956,7.633347511291504
Slovenia,1957,9.010064125061035
Slovenia,1958,9.142349243164062
Slovenia,1959,9.076444625854492
Slovenia,1960,8.905293464660645
Slovenia,1961,8.999098777770996
Slovenia,1962,7.30551290512085
Slovenia,1963,7.71370267868042
Slovenia,1964,7.948173522949219
Slovenia,1965,7.626363277435303
Slovenia,1966,8.813204765319824
Slovenia,1967,8.68702220916748
Slovenia,1968,8.221930503845215
Slovenia,1969,7.78566312789917
Slovenia,1970,7.995685577392578
Slovenia,1971,8.167340278625488
Slovenia,1972,7.911048889160156
Slovenia,1973,7.886809825897217
Slovenia,1974,8.614794731140137
Slovenia,1975,8.715447425842285
Slovenia,1976,7.881655693054199
Slovenia,1977,8.693717002868652
Slovenia,1978,7.3737640380859375
Slovenia,1979,8.252910614013672
Slovenia,1980,7.285038948059082
Slovenia,1981,8.269643783569336
Slovenia,1982,8.588044166564941
Slovenia,1983,8.741947174072266
Slovenia,1984,7.6982340812683105
Slovenia,1985,7.706697463989258
Slovenia,1986,7.902960300445557
Slovenia,1987,7.9831132888793945
Slovenia,1988,8.682633399963379
Slovenia,1989,8.946560859680176
Slovenia,1990,9.033159255981445
Slovenia,1991,8.117293357849121
Slovenia,1992,9.431891441345215
Slovenia,1993,8.858513832092285
Slovenia,1994,10.024141311645508
Slovenia,1995,8.714920997619629
Slovenia,1996,7.765753269195557
Slovenia,1997,8.755087852478027
Slovenia,1998,9.08958911895752
Slovenia,1999,9.150799751281738
Slovenia,2000,10.245270729064941
Slovenia,2001,9.391775131225586
Slovenia,2002,9.962446212768555
Slovenia,2003,9.542291641235352
Slovenia,2004,8.629595756530762
Slovenia,2005,8.36268424987793
Slovenia,2006,9.263785362243652
Slovenia,2007,9.953672409057617
Slovenia,2008,9.711394309997559
Slovenia,2009,9.632868766784668
Slovenia,2010,8.647703170776367
Slovenia,2011,9.673140525817871
Slovenia,2012,9.814640045166016
Slovenia,2013,9.468832969665527
Slovenia,2014,10.469347953796387
Slovenia,2015,10.188665390014648
Slovenia,2016,9.773310661315918
Slovenia,2017,9.812700271606445
Slovenia,2018,10.287008285522461
Slovenia,2019,10.442795753479004
Slovenia,2020,9.990312576293945
Slovenia,2021,9.372801780700684
Slovenia,2022,10.581575393676758
Slovenia,2023,10.807706832885742
Slovenia,2024,11.682427406311035
Spain,1950,13.504792213439941
Spain,1951,12.43589973449707
Spain,1952,12.917057991027832
Spain,1953,13.202760696411133
Spain,1954,12.73759937286377
Spain,1955,13.896693229675293
Spain,1956,11.913333892822266
Spain,1957,12.844660758972168
Spain,1958,13.298616409301758
Spain,1959,13.249293327331543
Spain,1960,12.98443603515625
Spain,1961,13.861886978149414
Spain,1962,13.085247039794922
Spain,1963,12.595776557922363
Spain,1964,13.29367733001709
Spain,1965,12.822943687438965
Spain,1966,13.055500984191895
Spain,1967,12.821412086486816
Spain,1968,13.071422576904297
Spain,1969,12.322643280029297
Spain,1970,12.792407989501953
Spain,1971,12.087305068969727
Spain,1972,11.757884979248047
Spain,1973,12.440665245056152
Spain,1974,12.285887718200684
Spain,1975,12.411897659301758
Spain,1976,12.463122367858887
Spain,1977,12.580170631408691
Spain,1978,12.75118637084961
Spain,1979,13.020886421203613
Spain,1980,12.802473068237305
Spain,1981,13.529372215270996
Spain,1982,13.383148193359375
Spain,1983,13.477790832519531
Spain,1984,12.407139778137207
Spain,1985,13.350545883178711
Spain,1986,13.029067993164062
Spain,1987,13.681886672973633
Spain,1988,13.299981117248535
Spain,1989,14.210723876953125
Spain,1990,13.85422420501709
Spain,1991,13.096884727478027
Spain,1992,12.992878913879395
Spain,1993,12.500764846801758
Spain,1994,13.849908828735352
Spain,1995,14.202460289001465
Spain,1996,13.17599868774414
Spain,1997,14.120612144470215
Spain,1998,13.58277416229248
Spain,1999,13.41877269744873
Spain,2000,13.493828773498535
Spain,2001,13.704157829284668
Spain,2002,13.710493087768555
Spain,2003,14.08179759979248
Spain,2004,13.448283195495605
Spain,2005,13.483146667480469
Spain,2006,14.27911376953125
Spain,2007,13.343729972839355
Spain,2008,13.218466758728027
Spain,2009,14.135306358337402
Spain,2010,13.293380737304688
Spain,2011,14.387716293334961
Spain,2012,13.760440826416016
Spain,2013,13.342995643615723
Spain,2014,14.235925674438477
Spain,2015,14.50434684753418
Spain,2016,14.15767765045166
Spain,2017,14.685300827026367
Spain,2018,13.824018478393555
Spain,2019,14.271856307983398
Spain,2020,14.575072288513184
Spain,2021,14.131169319152832
Spain,2022,15.334432601928711
Spain,2023,15.118631362915039
Spain,2024,14.980843544006348
Sweden,1950,2.1387739181518555
Sweden,1951,1.6283987760543823
Sweden,1952,0.7705866098403931
Sweden,1953,3.3552348613739014
Sweden,1954,1.970564842224121
Sweden,1955,0.7009268999099731
Sweden,1956,0.5728935599327087
Sweden,1957,2.1061434745788574
Sweden,1958,1.178067922592163
Sweden,1959,3.1686134338378906
Sweden,1960,1.7954208850860596
Sweden,1961,2.883234977722168
Sweden,1962,0.9702468514442444
Sweden,1963,1.7607181072235107
Sweden,1964,2.3495845794677734
Sweden,1965,1.060563564300537
Sweden,1966,0.4312556982040405
Sweden,1967,2.0717148780822754
Sweden,1968,1.0703011751174927
Sweden,1969,1.2061183452606201
Sweden,1970,1.1923428773880005
Sweden,1971,1.780479073524475
Sweden,1972,2.689983367919922
Sweden,1973,2.1541430950164795
Sweden,1974,3.05998158454895
Sweden,1975,3.281500816345215
Sweden,1976,1.2651609182357788
Sweden,1977,1.5048911571502686
Sweden,1978,0.9026433229446411
Sweden,1979,1.1332612037658691
Sweden,1980,1.0921249389648438
Sweden,1981,0.871056318283081
Sweden,1982,2.245126485824585
Sweden,1983,2.406851053237915
Sweden,1984,2.417400360107422
Sweden,1985,-0.04609575495123863
Sweden,1986,1.446314811706543
Sweden,1987,0.6227308511734009
Sweden,1988,2.270005941390991
Sweden,1989,3.631840229034424
Sweden,1990,3.700922966003418
Sweden,1991,2.7386670112609863
Sweden,1992,3.0599350929260254
Sweden,1993,2.1359658241271973
Sweden,1994,2.1260786056518555
Sweden,1995,2.228963851928711
Sweden,1996,1.6904281377792358
Sweden,1997,2.977158546447754
Sweden,1998,2.0604000091552734
Sweden,1999,2.746608018875122
Sweden,2000,3.659208297729492
Sweden,2001,2.375317096710205
Sweden,2002,3.080134868621826
Sweden,2003,3.0918641090393066
Sweden,2004,2.84266996383667
Sweden,2005,3.299023151397705
Sweden,2006,3.660496711730957
Sweden,2007,3.3389079570770264
Sweden,2008,3.388073444366455
Sweden,2009,2.731685161590576
Sweden,2010,0.912351667881012
Sweden,2011,3.8718416690826416
Sweden,2012,2.2124452590942383
Sweden,2013,3.1413896083831787
Sweden,2014,4.064574718475342
Sweden,2015,3.827444076538086
Sweden,2016,3.2756454944610596
Sweden,2017,2.8955249786376953
Sweden,2018,3.3246266841888428
Sweden,2019,3.1165108680725098
Sweden,2020,4.583751201629639
Sweden,2021,2.8444154262542725
Sweden,2022,3.689195156097412
Sweden,2023,2.89941143989563
Sweden,2024,3.8725998401641846
Switzerland,1950,5.228108882904053
Switzerland,1951,4.936506271362305
Switzerland,1952,4.690362453460693
Switzerland,1953,5.136258602142334
Switzerland,1954,4.3218512535095215
Switzerland,1955,4.577803134918213
Switzerland,1956,3.435581922531128
Switzerland,1957,4.994915008544922
Switzerland,1958,5.246205806732178
Switzerland,1959,5.835907936096191
Switzerland,1960,4.940237522125244
Switzerland,1961,5.974174499511719
Switzerland,1962,4.15925931930542
Switzerland,1963,4.190775394439697
Switzerland,1964,5.376917362213135
Switzerland,1965,4.145132064819336
Switzerland,1966,5.081814765930176
Switzerland,1967,5.2296223640441895
Switzerland,1968,4.846834659576416
Switzerland,1969,4.5968852043151855
Switzerland,1970,4.586338996887207
Switzerland,1971,5.148664474487305
Switzerland,1972,4.704498767852783
Switzerland,1973,4.687182903289795
Switzerland,1974,4.928975582122803
Switzerland,1975,5.194807529449463
Switzerland,1976,5.037280082702637
Switzerland,1977,5.104669570922852
Switzerland,1978,4.4213547706604
Switzerland,1979,4.703590393066406
Switzerland,1980,4.043384075164795
Switzerland,1981,4.644662857055664
Switzerland,1982,5.369400978088379
Switzerland,1983,5.503481864929199
Switzerland,1984,4.21914005279541
Switzerland,1985,4.480990886688232
Switzerland,1986,4.719088554382324
Switzerland,1987,4.795933246612549
Switzerland,1988,5.502171039581299
Switzerland,1989,5.998988628387451
Switzerland,1990,5.786104202270508
Switzerland,1991,5.111904144287109
Switzerland,1992,5.793559551239014
Switzerland,1993,5.329230308532715
Switzerland,1994,6.5139007568359375
Switzerland,1995,5.310524940490723
Switzerland,1996,4.712113380432129
Switzerland,1997,5.981863975524902
Switzerland,1998,5.5489373207092285
Switzerland,1999,5.519764423370361
Switzerland,2000,6.104689598083496
Switzerland,2001,5.543035507202148
Switzerland,2002,6.1222615242004395
Switzerland,2003,6.335832595825195
Switzerland,2004,5.47791862487793
Switzerland,2005,5.188283920288086
Switzerland,2006,6.102497100830078
Switzerland,2007,6.196399211883545
Switzerland,2008,5.751852512359619
Switzerland,2009,5.919284343719482
Switzerland,2010,4.771560192108154
Switzerland,2011,6.739202499389648
Switzerland,2012,5.880108833312988
Switzerland,2013,5.336711883544922
Switzerland,2014,6.5144476890563965
Switzerland,2015,6.70361852645874
Switzerland,2016,6.084997653961182
Switzerland,2017,6.177793025970459
Switzerland,2018,6.8063063621521
Switzerland,2019,6.405210018157959
Switzerland,2020,6.757943153381348
Switzerland,2021,5.531985282897949
Switzerland,2022,7.315515518188477
Switzerland,2023,7.119852542877197
Switzerland,2024,7.0258073806762695
Ukraine,1950,7.795905113220215
Ukraine,1951,8.240028381347656
Ukraine,1952,7.77565336227417
Ukraine,1953,7.347036838531494
Ukraine,1954,7.0580735206604
Ukraine,1955,7.871686935424805
Ukraine,1956,6.100131034851074
Ukraine,1957,8.411614418029785
Ukraine,1958,7.876126289367676
Ukraine,1959,7.577943801879883
Ukraine,1960,8.346598625183105
Ukraine,1961,8.374181747436523
Ukraine,1962,8.148879051208496
Ukraine,1963,7.190518856048584
Ukraine,1964,7.206613063812256
Ukraine,1965,6.895258903503418
Ukraine,1966,9.160636901855469
Ukraine,1967,8.18412971496582
Ukraine,1968,7.898306846618652
Ukraine,1969,6.596988677978516
Ukraine,1970,7.955745220184326
Ukraine,1971,8.03331184387207
Ukraine,1972,8.148715019226074
Ukraine,1973,7.569746017456055
Ukraine,1974,8.193906784057617
Ukraine,1975,9.384276390075684
Ukraine,1976,6.387757778167725
Ukraine,1977,7.646726608276367
Ukraine,1978,7.021889686584473
Ukraine,1979,8.030287742614746
Ukraine,1980,6.624067306518555
Ukraine,1981,8.553400039672852
Ukraine,1982,8.014457702636719
Ukraine,1983,8.814552307128906
Ukraine,1984,7.711419582366943
Ukraine,1985,6.378313064575195
Ukraine,1986,7.8384270668029785
Ukraine,1987,5.890138149261475
Ukraine,1988,7.573847770690918
Ukraine,1989,9.403402328491211
Ukraine,1990,9.165749549865723
Ukraine,1991,8.14818286895752
Ukraine,1992,8.196015357971191
Ukraine,1993,7.262045383453369
Ukraine,1994,8.563590049743652
Ukraine,1995,8.476885795593262
Ukraine,1996,7.319494247436523
Ukraine,1997,7.397783279418945
Ukraine,1998,8.26655387878418
Ukraine,1999,9.340203285217285
Ukraine,2000,9.10055160522461
Ukraine,2001,8.722168922424316
Ukraine,2002,9.171930313110352
Ukraine,2003,8.045212745666504
Ukraine,2004,8.628246307373047
Ukraine,2005,8.7626314163208
Ukraine,2006,8.32773494720459
Ukraine,2007,9.971622467041016
Ukraine,2008,9.413063049316406
Ukraine,2009,9.289449691772461
Ukraine,2010,9.328431129455566
Ukraine,2011,8.725499153137207
Ukraine,2012,9.192081451416016
Ukraine,2013,9.503168106079102
Ukraine,2014,9.343693733215332
Ukraine,2015,10.04293155670166
Ukraine,2016,9.372865676879883
Ukraine,2017,9.653583526611328
Ukraine,2018,9.58144760131836
Ukraine,2019,10.417838096618652
Ukraine,2020,10.561076164245605
Ukraine,2021,9.311448097229004
Ukraine,2022,9.949681282043457
Ukraine,2023,10.974539756774902
Ukraine,2024,11.662069320678711
United Kingdom,1950,8.58171558380127
United Kingdom,1951,8.377673149108887
United Kingdom,1952,8.24303913116455
United Kingdom,1953,9.159167289733887
United Kingdom,1954,8.306035041809082
United Kingdom,1955,8.4550142288208
United Kingdom,1956,8.129180908203125
United Kingdom,1957,9.068826675415039
United Kingdom,1958,8.493559837341309
United Kingdom,1959,9.471585273742676
United Kingdom,1960,8.602255821228027
United Kingdom,1961,8.733646392822266
United Kingdom,1962,7.64119291305542
United Kingdom,1963,7.484131336212158
United Kingdom,1964,8.383210182189941
United Kingdom,1965,7.797072410583496
United Kingdom,1966,8.262405395507812
United Kingdom,1967,8.54443359375
United Kingdom,1968,8.215381622314453
United Kingdom,1969,8.183456420898438
United Kingdom,1970,8.394465446472168
United Kingdom,1971,8.811124801635742
United Kingdom,1972,8.180913925170898
United Kingdom,1973,8.484593391418457
United Kingdom,1974,8.443737983703613
United Kingdom,1975,8.843332290649414
United Kingdom,1976,8.793924331665039
United Kingdom,1977,8.309162139892578
United Kingdom,1978,8.273929595947266
United Kingdom,1979,7.629446029663086
United Kingdom,1980,8.314887046813965
United Kingdom,1981,8.148120880126953
United Kingdom,1982,8.721573829650879
United Kingdom,1983,8.882625579833984
United Kingdom,1984,8.618331909179688
United Kingdom,1985,7.8338799476623535
United Kingdom,1986,7.721963882446289
United Kingdom,1987,8.05039119720459
United Kingdom,1988,8.782933235168457
United Kingdom,1989,9.282981872558594
United Kingdom,1990,9.413681030273438
United Kingdom,1991,8.591447830200195
United Kingdom,1992,8.724111557006836
United Kingdom,1993,8.34865665435791
United Kingdom,1994,8.935243606567383
United Kingdom,1995,9.215503692626953
United Kingdom,1996,8.235414505004883
United Kingdom,1997,9.46619701385498
United Kingdom,1998,9.199872016906738
United Kingdom,1999,9.403185844421387
United Kingdom,2000,9.133410453796387
United Kingdom,2001,8.837047576904297
United Kingdom,2002,9.47902774810791
United Kingdom,2003,9.525263786315918
United Kingdom,2004,9.453856468200684
United Kingdom,2005,9.47856616973877
United Kingdom,2006,9.810145378112793
United Kingdom,2007,9.665875434875488
United Kingdom,2008,9.104680061340332
United Kingdom,2009,9.2597017288208
United Kingdom,2010,8.0401029586792
United Kingdom,2011,9.694745063781738
United Kingdom,2012,8.803291320800781
United Kingdom,2013,8.85855770111084
United Kingdom,2014,9.94516658782959
United Kingdom,2015,9.249253273010254
United Kingdom,2016,9.357734680175781
United Kingdom,2017,9.576255798339844
United Kingdom,2018,9.481907844543457
United Kingdom,2019,9.395427703857422
United Kingdom,2020,9.643085479736328
United Kingdom,2021,9.28774642944336
United Kingdom,2022,10.09416675567627
United Kingdom,2023,10.026938438415527
United Kingdom,2024,9.839177131652832
