country,year,tg_anomaly_c
Austria,1950,-0.495621665318807
Austria,1951,-0.40787218411763515
Austria,1952,-1.427745326360066
Austria,1953,-0.6231150468190512
Austria,1954,-1.866468890508016
Austria,1955,-1.6977948983510336
Austria,1956,-2.4143972237904867
Austria,1957,-0.7647180398305249
Austria,1958,-0.9847702821095785
Austria,1959,-0.6320428689320883
Austria,1960,-1.134049399693807
Austria,1961,-0.38400934537251796
Austria,1962,-2.248945697148641
Austria,1963,-1.842069133122762
Austria,1964,-1.2880072434743246
Austria,1965,-1.9766793092091879
Austria,1966,-0.8602213700612387
Austria,1967,-0.7757253487904867
Austria,1968,-1.2670554955800375
Austria,1969,-1.4630117257436117
Austria,1970,-1.6520809968312582
Austria,1971,-0.9373831590016684
Austria,1972,-1.314051612218221
Austria,1973,-1.348066790898641
Austria,1974,-0.7399434884389242
Austria,1975,-0.6021122773488363
Austria,1976,-1.16146133740743
Austria,1977,-0.6261176904042562
Austria,1978,-1.722188933690389
Austria,1979,-1.2636117776234945
Austria,1980,-1.9946656068166089
Austria,1981,-1.1647376855214437
Austria,1982,-0.686506732304891
Austria,1983,-0.2640971978505453
Austria,1984,-1.5732498009999594
Austria,1985,-1.5956778367360434
Austria,1986,-1.1887049516042074
Austria,1987,-1.3862204392751059
Austria,1988,-0.590622886021932
Austria,1989,-0.1304302056630453
Austria,1990,-0.28154228528340663
Austria,1991,-1.1975250085194906
Austria,1992,0.059935585657755475
Austria,1993,-0.6118664582570394
Austria,1994,0.6534395376841227
Austria,1995,-0.7263684113820394
Austria,1996,-1.7151641686757406
Austria,1997,-0.44821403821309413
Austria,1998,-0.2631521066029858
Austria,1999,-0.2960820039113363
Austria,2000,0.5117263952891031
Austria,2001,-0.3785810311635336
Austria,2002,0.44534112612406407
Austria,2003,0.08287574450174962
Austria,2004,-0.6730303605397543
Austria,2005,-0.9905114014943441
Austria,2006,-0.17590998013814296
Austria,2007,0.47737504641215
Austria,2008,0.25211288134256993
Austria,2009,-0.027685149510701557
Austria,2010,-1.0678739388783773
Austria,2011,0.4943432966868082
Austria,2012,0.128711716334025
Austria,2013,-0.16937731107076015
Austria,2014,1.014397637049357
Austria,2015,0.9980478445688883
Austria,2016,0.40978671709696446
Austria,2017,0.3123669783274323
Austria,2018,1.1292324225107828
Austria,2019,1.017190949122111
Austria,2020,0.7544574896494547
Austria,2021,-0.11097620328267421
Austria,2022,1.1416292349497477
Austria,2023,1.2978248755137125
Austria,2024,1.969069496790568
Belgium,1950,-0.5677124023437514
Belgium,1951,-0.6049686431884744
Belgium,1952,-1.1395050048828104
Belgium,1953,-0.4953790664672848
Belgium,1954,-1.6533866882324215
Belgium,1955,-1.76838264465332
Belgium,1956,-2.4859128952026364
Belgium,1957,-0.8585229873657223
Belgium,1958,-1.2879844665527358
Belgium,1959,-0.2023025512695309
Belgium,1960,-1.0730682373046871
Belgium,1961,-0.5772233963012692
Belgium,1962,-2.53734073638916
Belgium,1963,-2.683868026733398
Belgium,1964,-1.4041400909423825
Belgium,1965,-1.9171434402465817
Belgium,1966,-0.9825778961181637
Belgium,1967,-0.8897739410400387
Belgium,1968,-1.5326477050781246
Belgium,1969,-1.3092962265014627
Belgium,1970,-1.37519416809082
Belgium,1971,-1.1319566726684567
Belgium,1972,-1.6143013000488278
Belgium,1973,-1.2588582992553707
Belgium,1974,-0.9690538406372067
Belgium,1975,-0.9493061065673825
Belgium,1976,-0.7249675750732418
Belgium,1977,-1.0886913299560543
Belgium,1978,-1.8087564468383786
Belgium,1979,-2.008589363098144
Belgium,1980,-1.8084207534790036
Belgium,1981,-1.4418951034545895
Belgium,1982,-0.695368385314941
Belgium,1983,-0.7248750686645504
Belgium,1984,-1.403239822387695
Belgium,1985,-1.8792596817016598
Belgium,1986,-1.3689313888549801
Belgium,1987,-1.5226751327514645
Belgium,1988,-0.13949356079101527
Belgium,1989,0.2715200424194322
Belgium,1990,-0.061369514465331676
Belgium,1991,-1.1851440429687514
Belgium,1992,-0.3790784835815426
Belgium,1993,-0.8424621582031246
Belgium,1994,0.1805547714233402
Belgium,1995,-0.05566368103027308
Belgium,1996,-1.854247665405273
Belgium,1997,-0.28856716156005824
Belgium,1998,-0.48026523590087855
Belgium,1999,0.4156278610229496
Belgium,2000,0.21031417846679723
Belgium,2001,-0.25747356414794886
Belgium,2002,0.3362707138061527
Belgium,2003,0.11545600891113317
Belgium,2004,-0.06425914764404261
Belgium,2005,0.23877849578857457
Belgium,2006,0.5838626861572269
Belgium,2007,0.6955369949340806
Belgium,2008,-0.11317787170410121
Belgium,2009,-0.028802490234374645
Belgium,2010,-1.2157264709472653
Belgium,2011,0.6812128067016605
Belgium,2012,-0.3349290847778317
Belgium,2013,-0.840566253662109
Belgium,2014,0.8801225662231449
Belgium,2015,0.3381637573242191
Belgium,2016,0.1092809677124027
Belgium,2017,0.4275325775146488
Belgium,2018,0.9003814697265629
Belgium,2019,0.5945219039916996
Belgium,2020,1.2327455520629886
Belgium,2021,-0.18794116973876918
Belgium,2022,1.2127460479736332
Belgium,2023,1.2723249435424808
Belgium,2024,1.1550058364868168
Bulgaria,1950,0.38679507573445626
Bulgaria,1951,0.23779300053914376
Bulgaria,1952,0.4696836789449037
Bulgaria,1953,-0.8387927691141748
Bulgaria,1954,-1.4352388064066552
Bulgaria,1955,-0.46264740626017087
Bulgaria,1956,-1.6897620836893719
Bulgaria,1957,-0.5947026888529479
Bulgaria,1958,0.0021772702534992305
Bulgaria,1959,-1.274422613779704
Bulgaria,1960,0.013004334767661163
Bulgaria,1961,-0.0015992800394695195
Bulgaria,1962,0.09465316136678048
Bulgaria,1963,-0.4351873079935711
Bulgaria,1964,-0.9441833178202312
Bulgaria,1965,-1.0456666628519695
Bulgaria,1966,0.16473296483357558
Bulgaria,1967,-0.7330455462137859
Bulgaria,1968,-0.2844371477762859
Bulgaria,1969,-1.0679778734842937
Bulgaria,1970,-0.4303989092508953
Bulgaria,1971,-0.7921485582987469
Bulgaria,1972,-0.8030175844828271
Bulgaria,1973,-1.276430098215739
Bulgaria,1974,-0.8773412386576336
Bulgaria,1975,-0.4739141146341961
Bulgaria,1976,-1.6800870577494322
Bulgaria,1977,-0.3924817721048992
Bulgaria,1978,-1.0064391771952312
Bulgaria,1979,-0.37156387964884274
Bulgaria,1980,-1.5103368441263836
Bulgaria,1981,-0.7674407641092937
Bulgaria,1982,-1.0167884508768719
Bulgaria,1983,-0.7719201723734539
Bulgaria,1984,-0.9477691332499187
Bulgaria,1985,-1.043190924326579
Bulgaria,1986,-0.816311804453532
Bulgaria,1987,-1.105109182993571
Bulgaria,1988,-0.8485488573710107
Bulgaria,1989,-0.4576244036356609
Bulgaria,1990,-0.049363104502360144
Bulgaria,1991,-1.4454240481058758
Bulgaria,1992,-0.6309337298075359
Bulgaria,1993,-0.7473592440287273
Bulgaria,1994,0.6009025891621906
Bulgaria,1995,-0.8876781145731609
Bulgaria,1996,-1.2177943865458172
Bulgaria,1997,-1.4233007113138836
Bulgaria,1998,-0.4708671251932799
Bulgaria,1999,0.17637065251668282
Bulgaria,2000,0.2505722363789893
Bulgaria,2001,0.036096604665120324
Bulgaria,2002,-0.009722677866617957
Bulgaria,2003,-0.62319180170695
Bulgaria,2004,-0.3727893511454283
Bulgaria,2005,-0.8518485705057799
Bulgaria,2006,-0.4586858431498211
Bulgaria,2007,0.7442999203999836
Bulgaria,2008,0.35270503362019845
Bulgaria,2009,0.29136756261189767
Bulgaria,2010,0.15496829350789199
Bulgaria,2011,-0.5324067751566552
Bulgaria,2012,0.5123691876729328
Bulgaria,2013,0.5797539075215639
Bulgaria,2014,0.4428148587544758
Bulgaria,2015,0.8288002332051612
Bulgaria,2016,0.701139481862386
Bulgaria,2017,0.48718169530232913
Bulgaria,2018,0.8676929791768391
Bulgaria,2019,1.427216561635337
Bulgaria,2020,1.21775058110555
Bulgaria,2021,0.4938526471455891
Bulgaria,2022,1.2189693768819172
Bulgaria,2023,1.9599085172017396
Bulgaria,2024,2.623622926076253
Croatia,1950,0.3898685137430853
Croatia,1951,0.41123940149943117
Croatia,1952,-0.16986583073933836
Croatia,1953,-0.7139580090840649
Croatia,1954,-1.498137696584065
Croatia,1955,-0.9895031293233227
Croatia,1956,-1.9501621564229303
Croatia,1957,-0.5223619778950983
Croatia,1958,-0.2635948499043774
Croatia,1959,-0.6625110944112134
Croatia,1960,-0.5745451291402173
Croatia,1961,-0.23371337254841862
Croatia,1962,-1.6293938000996917
Croatia,1963,-1.4228727658589673
Croatia,1964,-1.471550210316975
Croatia,1965,-1.395899041493733
Croatia,1966,-0.5315563519795727
Croatia,1967,-0.7031957944234186
Croatia,1968,-0.8855383237202954
Croatia,1969,-1.4035532315572095
Croatia,1970,-1.1392443021138519
Croatia,1971,-1.0607149442036956
Croatia,1972,-1.0940458615620905
Croatia,1973,-1.2303707440694147
Croatia,1974,-0.7942745526631665
Croatia,1975,-0.5909788449605315
Croatia,1976,-1.5867903073628735
Croatia,1977,-0.567187531789143
Croatia,1978,-1.8292982419331878
Croatia,1979,-0.7464067776997876
Croatia,1980,-1.9841892560323071
Croatia,1981,-0.9555780728658032
Croatia,1982,-0.6599943478902173
Croatia,1983,-0.5579187711079907
Croatia,1984,-1.4889023145039868
Croatia,1985,-1.4546263058980315
Croatia,1986,-1.2243082364400237
Croatia,1987,-1.1996700604756665
Croatia,1988,-0.6146929105122876
Croatia,1989,-0.5158836682637506
Croatia,1990,-0.16170142491658446
Croatia,1991,-1.2589952786763519
Croatia,1992,0.1704919497172046
Croatia,1993,-0.4667265256245905
Croatia,1994,0.7232673327128083
Croatia,1995,-0.5956470807393384
Croatia,1996,-1.4320804913838714
Croatia,1997,-0.6729252179463714
Croatia,1998,-0.3355781873067212
Croatia,1999,-0.20402167638142643
Croatia,2000,0.8659160296122241
Croatia,2001,-0.07495902379353758
Croatia,2002,0.3102615038553882
Croatia,2003,-0.06068728764851983
Croatia,2004,-0.7266962369283032
Croatia,2005,-1.2910663922627759
Croatia,2006,-0.3262913068135571
Croatia,2007,0.42173268000284914
Croatia,2008,0.38184906641642336
Croatia,2009,0.26192738215128664
Croatia,2010,-0.6740743954976391
Croatia,2011,0.08809925715128664
Croatia,2012,0.43186451594034914
Croatia,2013,0.06909062067667726
Croatia,2014,0.8323400179545093
Croatia,2015,0.5794437090555853
Croatia,2016,0.1979930559794134
Croatia,2017,0.35140873591105226
Croatia,2018,0.8590200106302905
Croatia,2019,0.9892108599344898
Croatia,2020,0.585832373301189
Croatia,2021,0.1990726153055853
Croatia,2022,1.3210036913553882
Croatia,2023,1.5887239138285327
Croatia,2024,2.2448089281717944
Czechia,1950,-0.45587873458862305
Czechia,1951,-0.22751331329345703
Czechia,1952,-1.3021974563598633
Czechia,1953,-0.3695249557495117
Czechia,1954,-1.7947726249694824
Czechia,1955,-1.830648422241211
Czechia,1956,-2.5296754837036133
Czechia,1957,-0.734379768371582
Czechia,1958,-1.0110735893249512
Czechia,1959,-0.5132355690002441
Czechia,1960,-1.0068597793579102
Czechia,1961,-0.48291826248168945
Czechia,1962,-2.07765531539917
Czechia,1963,-1.911595344543457
Czechia,1964,-1.487269401550293
Czechia,1965,-2.0176734924316406
Czechia,1966,-0.5688800811767587
Czechia,1967,-0.41344261169433594
Czechia,1968,-1.1272320747375497
Czechia,1969,-1.5126709938049316
Czechia,1970,-1.5702733993530273
Czechia,1971,-0.9189510345458984
Czechia,1972,-1.1948742866516113
Czechia,1973,-1.1820425987243652
Czechia,1974,-0.4857211112976074
Czechia,1975,-0.3958759307861328
Czechia,1976,-1.1063685417175293
Czechia,1977,-0.8001842498779297
Czechia,1978,-1.6414213180541992
Czechia,1979,-1.2155747413635254
Czechia,1980,-2.126680850982666
Czechia,1981,-0.9740967750549316
Czechia,1982,-0.551032543182373
Czechia,1983,-0.15531539916992188
Czechia,1984,-1.3680739402770996
Czechia,1985,-1.878763198852539
Czechia,1986,-1.1766715049743652
Czechia,1987,-1.7878270149230957
Czechia,1988,-0.4530768394470215
Czechia,1989,0.0028219223022460938
Czechia,1990,-0.019561767578125
Czechia,1991,-1.15423583984375
Czechia,1992,0.14449691772460938
Czechia,1993,-0.7338423728942871
Czechia,1994,0.5050935745239258
Czechia,1995,-0.5258340835571289
Czechia,1996,-2.127854824066162
Czechia,1997,-0.8455991744995117
Czechia,1998,-0.24967575073242188
Czechia,1999,-0.03531360626220703
Czechia,2000,0.6657905578613263
Czechia,2001,-0.5887432098388672
Czechia,2002,0.2242746353149414
Czechia,2003,-0.07694816589355469
Czechia,2004,-0.5761189460754395
Czechia,2005,-0.6757798194885254
Czechia,2006,-0.15062618255615234
Czechia,2007,0.6249628067016602
Czechia,2008,0.41954898834228516
Czechia,2009,0.02821636199951172
Czechia,2010,-1.1917715072631836
Czechia,2011,0.2122669219970703
Czechia,2012,0.005478858947753906
Czechia,2013,-0.3598756790161133
Czechia,2014,1.1458625793457031
Czechia,2015,1.1438837051391602
Czechia,2016,0.3568391799926758
Czechia,2017,0.3103475570678711
Czechia,2018,1.3956689834594727
Czechia,2019,1.314192771911621
Czechia,2020,0.7952947616577148
Czechia,2021,-0.2507772445678711
Czechia,2022,0.936305046081543
Czechia,2023,1.390295982360838
Czechia,2024,1.9339590072631818
Denmark,1950,-0.4638789335886635
Denmark,1951,-0.4533370176951088
Denmark,1952,-1.366130177179972
Denmark,1953,0.1798111756642662
Denmark,1954,-1.069078747431437
Denmark,1955,-1.1244056860605873
Denmark,1956,-1.7895434538523354
Denmark,1957,-0.5580571333567299
Denmark,1958,-1.417709175745646
Denmark,1959,-0.07802421251932756
Denmark,1960,-1.0811689535776772
Denmark,1961,-0.3387683073679604
Denmark,1962,-1.8135541121164955
Denmark,1963,-2.20073873202006
Denmark,1964,-1.4066284338633226
Denmark,1965,-1.8620718161265053
Denmark,1966,-1.6049707571665444
Denmark,1967,-0.3893550078074135
Denmark,1968,-1.0523956457773842
Denmark,1969,-1.4647467772165932
Denmark,1970,-1.7973397413889565
Denmark,1971,-0.6155589262644448
Denmark,1972,-1.0479896704355873
Denmark,1973,-0.6424058119455971
Denmark,1974,-0.3355811278025307
Denmark,1975,0.08593338330586775
Denmark,1976,-1.1525524298350014
Denmark,1977,-0.9499090353647865
Denmark,1978,-1.1883199850718178
Denmark,1979,-2.0879533926645912
Denmark,1980,-1.4295495192209877
Denmark,1981,-1.4723885695139565
Denmark,1982,-0.6811507383982338
Denmark,1983,-0.3384211699167885
Denmark,1984,-0.7647536436716713
Denmark,1985,-2.1408079306284584
Denmark,1986,-1.5299299399058022
Denmark,1987,-1.953452412287394
Denmark,1988,-0.09940368334452288
Denmark,1989,0.5667826493581121
Denmark,1990,0.6514250596364324
Denmark,1991,-0.3704484144846596
Denmark,1992,0.3360964616139732
Denmark,1993,-0.946501557032267
Denmark,1994,-0.005099598566690844
Denmark,1995,-0.5350363890329994
Denmark,1996,-1.9175651709238686
Denmark,1997,-0.309292141596476
Denmark,1998,-0.6082127730051674
Denmark,1999,0.0641362031300865
Denmark,2000,0.4822880585988365
Denmark,2001,-0.4137099424997963
Denmark,2002,0.5683256944020592
Denmark,2003,0.07085483868916853
Denmark,2004,0.06579273541768416
Denmark,2005,0.12606209119160994
Denmark,2006,0.8087136109670006
Denmark,2007,0.8900334199269615
Denmark,2008,0.766365702946981
Denmark,2009,0.3252894242604576
Denmark,2010,-1.6428135077158608
Denmark,2011,0.056177790959676344
Denmark,2012,-0.6676533857981362
Denmark,2013,-0.552329365412394
Denmark,2014,1.1024004777272545
Denmark,2015,0.19447773297627613
Denmark,2016,0.0827519257863365
Denmark,2017,-0.0038006941477455314
Denmark,2018,0.5802256425221763
Denmark,2019,0.5228096803029363
Denmark,2020,0.9296614487965904
Denmark,2021,-0.22546607653299944
Denmark,2022,0.5723845322926842
Denmark,2023,0.3991934617360453
Denmark,2024,0.8711172898610453
Estonia,1950,-1.1667238553365076
Estonia,1951,-1.3489514668782556
Estonia,1952,-1.9849988301595056
Estonia,1953,-0.794018395741781
Estonia,1954,-1.3448053677876795
Estonia,1955,-1.999645837148031
Estonia,1956,-2.8697859128316248
Estonia,1957,-0.6986309369405115
Estonia,1958,-2.009733327229818
Estonia,1959,-0.4278484662373865
Estonia,1960,-1.5151006062825525
Estonia,1961,0.13284050623575805
Estonia,1962,-1.7098642667134607
Estonia,1963,-2.1718288739522302
Estonia,1964,-1.2305351575215662
Estonia,1965,-1.8952561696370447
Estonia,1966,-2.264656194051107
Estonia,1967,-0.9527388890584314
Estonia,1968,-1.6896492322285974
Estonia,1969,-2.6243728478749597
Estonia,1970,-2.0528646787007654
Estonia,1971,-0.9044376691182459
Estonia,1972,-0.49568522771199586
Estonia,1973,-0.8564606984456384
Estonia,1974,-0.0837646802266443
Estonia,1975,0.5831745783487952
Estonia,1976,-2.557208903630575
Estonia,1977,-1.5775777180989587
Estonia,1978,-2.4562658150990804
Estonia,1979,-1.4063946088155115
Estonia,1980,-1.8659545262654618
Estonia,1981,-1.051394112904867
Estonia,1982,-0.718362935384115
Estonia,1983,0.03138338724772094
Estonia,1984,-0.5269094785054529
Estonia,1985,-2.5675417264302576
Estonia,1986,-1.230586655934652
Estonia,1987,-2.9135471661885584
Estonia,1988,-0.5265985806783045
Estonia,1989,0.9645222345987952
Estonia,1990,0.47042786280314086
Estonia,1991,0.08595644632975219
Estonia,1992,0.20907389322916625
Estonia,1993,-1.1389027913411462
Estonia,1994,-0.9151746114095056
Estonia,1995,-0.04080117543538453
Estonia,1996,-1.7023784001668298
Estonia,1997,-0.4419308980305994
Estonia,1998,-0.8692256291707361
Estonia,1999,0.3271354357401526
Estonia,2000,0.752161852518717
Estonia,2001,-0.22349847157796177
Estonia,2002,-0.021453984578450935
Estonia,2003,-0.5524455388387048
Estonia,2004,-0.35596049626668336
Estonia,2005,-0.35597146352132203
Estonia,2006,0.2719634691874182
Estonia,2007,0.5308712641398108
Estonia,2008,0.8805178324381506
Estonia,2009,-0.3346835454305017
Estonia,2010,-1.3165270169576013
Estonia,2011,0.6191376368204748
Estonia,2012,-0.9754253705342615
Estonia,2013,0.2838019053141272
Estonia,2014,0.5043538729349768
Estonia,2015,1.038066736857096
Estonia,2016,0.1292914072672522
Estonia,2017,-0.04114497502644898
Estonia,2018,0.7345727602640784
Estonia,2019,1.0448626200358069
Estonia,2020,1.8737572352091467
Estonia,2021,0.17952047983805297
Estonia,2022,0.5908883730570471
Estonia,2023,0.7935117403666174
Estonia,2024,1.7175825754801428
Finland,1950,-0.29569259484608956
Finland,1951,-1.1029396375020344
Finland,1952,-1.4928000291188557
Finland,1953,0.16021045843760184
Finland,1954,-0.3218638022740685
Finland,1955,-2.958041461308797
Finland,1956,-2.912662359078725
Finland,1957,-0.7088432629903154
Finland,1958,-2.284530254205068
Finland,1959,-0.09218111832936593
Finland,1960,-0.8407672961552937
Finland,1961,0.3727515618006394
Finland,1962,-1.825819941361745
Finland,1963,-1.3655902465184526
Finland,1964,-0.7934884150822956
Finland,1965,-1.8377840240796406
Finland,1966,-2.9215800782044727
Finland,1967,-0.7723632176717121
Finland,1968,-2.297402622302373
Finland,1969,-2.079039426644643
Finland,1970,-1.4549781401952107
Finland,1971,-1.9405925591786701
Finland,1972,0.1750498692194622
Finland,1973,-1.1839263757069902
Finland,1974,0.692017165819804
Finland,1975,0.11609419981638602
Finland,1976,-2.464806713288029
Finland,1977,-1.5734941085179646
Finland,1978,-2.601094098885854
Finland,1979,-1.2195706685384113
Finland,1980,-1.9072906096776325
Finland,1981,-1.9074972589810688
Finland,1982,-0.9485034068425495
Finland,1983,-0.7727134545644123
Finland,1984,-0.2983037551244099
Finland,1985,-3.2292946298917133
Finland,1986,-1.5697608908017475
Finland,1987,-2.954397948582967
Finland,1988,-0.9231164773305256
Finland,1989,0.9734240452448528
Finland,1990,0.14437398115793876
Finland,1991,-0.39973965485890695
Finland,1992,-0.10846701463063546
Finland,1993,-0.9608254750569658
Finland,1994,-0.8948667367299394
Finland,1995,-0.40887323220570826
Finland,1996,-1.0094071944554646
Finland,1997,-0.5280531962712602
Finland,1998,-1.5337857921918232
Finland,1999,-0.4267875274022419
Finland,2000,0.8552907387415565
Finland,2001,-0.6554922183354694
Finland,2002,-0.5546762069066362
Finland,2003,-0.1793514808019001
Finland,2004,-0.0661746581395466
Finland,2005,0.6347082535425819
Finland,2006,0.28353175322214774
Finland,2007,0.4977901856104534
Finland,2008,0.48413881460825614
Finland,2009,-0.22544995148976632
Finland,2010,-1.475770088036855
Finland,2011,0.9944432655970257
Finland,2012,-0.8240880091985066
Finland,2013,0.801054088274638
Finland,2014,0.9937597195307415
Finland,2015,1.303714124361674
Finland,2016,0.5854805390040081
Finland,2017,0.016800967852274695
Finland,2018,0.7827425877253216
Finland,2019,0.16833838621775277
Finland,2020,1.8500150124231975
Finland,2021,-0.08674565156300851
Finland,2022,0.8590970913569134
Finland,2023,0.28369793097178153
Finland,2024,1.1229151169459026
France,1950,-0.5163729349772144
France,1951,-0.8830397288004566
France,1952,-0.7388689676920581
France,1953,-0.7469294230143255
France,1954,-1.279107348124187
France,1955,-0.7758867899576831
France,1956,-2.082001940409345
France,1957,-0.7871105829874683
France,1958,-0.8671667734781909
France,1959,0.011177762349447562
France,1960,-0.8412659327189136
France,1961,-0.02641607920328859
France,1962,-1.6055300394694
France,1963,-1.9910471598307282
France,1964,-0.9254763285319001
France,1965,-1.4135105768839527
France,1966,-0.6612560907999683
France,1967,-0.762869135538736
France,1968,-1.1365492502848333
France,1969,-1.171663538614908
France,1970,-1.080118433634441
France,1971,-1.1540501276652027
France,1972,-1.459691301981609
France,1973,-1.1952622095743823
France,1974,-0.8568499247233081
France,1975,-0.9732773462931323
France,1976,-0.5970366160074896
France,1977,-0.9088757197062183
France,1978,-1.376013056437177
France,1979,-1.2210028330485052
France,1980,-1.6256325403849292
France,1981,-0.8549921671549487
France,1982,-0.15846945444742921
France,1983,-0.43212725321451906
France,1984,-1.1743910471598333
France,1985,-1.4318821589152027
France,1986,-1.0989821116129566
France,1987,-1.0862391153971362
France,1988,-0.28527380625406806
France,1989,0.2630708058675104
France,1990,0.23797486623128172
France,1991,-0.816132799784345
France,1992,-0.46796919504801515
France,1993,-0.8292496363321948
France,1994,0.41694806416829344
France,1995,-0.05743147532145265
France,1996,-1.101899401346845
France,1997,0.19743798573811766
France,1998,-0.43700815836588625
France,1999,0.016321881612141098
France,2000,0.13048051198323485
France,2001,-0.23721052805582943
France,2002,0.20372556050618407
France,2003,0.5559069951375317
France,2004,-0.3511688868204761
France,2005,-0.3499653498331732
France,2006,0.3247258504231745
France,2007,-0.07039095560709718
France,2008,-0.44899870554606025
France,2009,-0.0004084269205719693
France,2010,-1.118991152445476
France,2011,0.6983945210774731
France,2012,-0.18310286204020265
France,2013,-0.6202900568644214
France,2014,0.7042414983113598
France,2015,0.5952603658040356
France,2016,0.07702897389729735
France,2017,0.3489978154500317
France,2018,0.92441914876302
France,2019,0.6943261464436841
France,2020,1.2020022710164397
France,2021,-0.09441687266032162
France,2022,1.5946194966634106
France,2023,1.3953559239705395
France,2024,0.922758801778155
Germany,1950,-0.722957404454549
Germany,1951,-0.58864000638326
Germany,1952,-1.3755605538686115
Germany,1953,-0.34790018399556466
Germany,1954,-1.5795629342397053
Germany,1955,-1.7575152238210041
Germany,1956,-2.4466784318288166
Germany,1957,-0.746913703282674
Germany,1958,-1.0993631203969318
Germany,1959,-0.266623290379842
Germany,1960,-0.918844970067342
Germany,1961,-0.39257696469624825
Germany,1962,-2.174256118138631
Germany,1963,-2.1974418481191
Germany,1964,-1.2159650643666584
Germany,1965,-1.8136852105458576
Germany,1966,-0.824454100926717
Germany,1967,-0.4189069588979084
Germany,1968,-1.1916330178578693
Germany,1969,-1.5421812852223713
Germany,1970,-1.5930426438649494
Germany,1971,-0.8696611245473225
Germany,1972,-1.5281293710072834
Germany,1973,-1.0892026742299397
Germany,1974,-0.4927451928456623
Germany,1975,-0.37327555020650216
Germany,1976,-0.8621461709340412
Germany,1977,-0.6517656167348225
Germany,1978,-1.5070693810780842
Germany,1979,-1.5933959801991788
Germany,1980,-1.7141564210255948
Germany,1981,-1.1179874261220295
Germany,1982,-0.4111411889394123
Germany,1983,-0.23361090024312325
Germany,1984,-1.3503043969472248
Germany,1985,-1.8598707040150968
Germany,1986,-1.3386438210805256
Germany,1987,-1.8878987153371174
Germany,1988,-0.2574336846669496
Germany,1989,0.16610547701517753
Germany,1990,0.16232034365336112
Germany,1991,-0.8980844338734943
Germany,1992,0.032229630152386335
Germany,1993,-0.8365810235341389
Germany,1994,0.4091732184092223
Germany,1995,-0.427659781773885
Germany,1996,-2.137705596288045
Germany,1997,-0.43815401395161935
Germany,1998,-0.25685575803121097
Germany,1999,0.21262189547220878
Germany,2000,0.5411550680796289
Germany,2001,-0.26788404782613107
Germany,2002,0.22583600680033378
Germany,2003,0.09716054598490587
Germany,2004,-0.3793104012807209
Germany,2005,-0.2746055444081623
Germany,2006,0.2819769064585369
Germany,2007,0.5544941107432049
Germany,2008,0.1561224142710369
Germany,2009,-0.122854979832967
Germany,2010,-1.4585421403249104
Germany,2011,0.34599801699320487
Germany,2012,-0.21015051205953128
Germany,2013,-0.5696504433949787
Germany,2014,1.0192300955454492
Germany,2015,0.6611396948496502
Germany,2016,0.22168084780375175
Germany,2017,0.27868673006693534
Germany,2018,1.1846134344736736
Germany,2019,0.9622318426767968
Germany,2020,1.093688217798869
Germany,2021,-0.15425947507222482
Germany,2022,1.206113068262738
Germany,2023,1.3166134039560955
Germany,2024,1.5481989065806072
Greece,1950,0.8040283838907882
Greece,1951,0.5807083765665695
Greece,1952,1.0651100794474306
Greece,1953,-0.38999856313069614
Greece,1954,-0.08378613789876255
Greece,1955,0.6529396692911771
Greece,1956,-0.5197583516438797
Greece,1957,0.049664370218913234
Greece,1958,0.21329771677653042
Greece,1959,-0.8291207631429014
Greece,1960,0.41476236979166536
Greece,1961,0.4663609186808255
Greece,1962,0.5772303263346359
Greece,1963,0.4568432490030947
Greece,1964,-0.567246564229329
Greece,1965,-0.6567660649617508
Greece,1966,0.3118942896525052
Greece,1967,-0.6529332478841141
Greece,1968,-0.4994012196858719
Greece,1969,-0.3318415959676102
Greece,1970,-0.3533688863118485
Greece,1971,-0.5259209950764987
Greece,1972,-0.47471822102864536
Greece,1973,-0.7926379521687821
Greece,1974,-0.7937156041463229
Greece,1975,-0.7452346165974948
Greece,1976,-1.3498154958089188
Greece,1977,-0.02766812642415495
Greece,1978,-0.6787787755330399
Greece,1979,-0.3303929646809909
Greece,1980,-1.032372601826987
Greece,1981,-0.6392184575398758
Greece,1982,-0.8070355733235655
Greece,1983,-1.0010281880696628
Greece,1984,-0.7132645924886063
Greece,1985,-0.2828456242879227
Greece,1986,-0.5169087727864579
Greece,1987,-0.761442311604819
Greece,1988,-0.5082770665486667
Greece,1989,-0.714801915486655
Greece,1990,-0.16319382985432895
Greece,1991,-1.3341056187947586
Greece,1992,-0.8944207509358719
Greece,1993,-0.54367078145345
Greece,1994,0.4830311457316103
Greece,1995,-0.5619412740071628
Greece,1996,-0.7881385167439774
Greece,1997,-0.8205176671346024
Greece,1998,0.10496222178141323
Greece,1999,0.32369600931803433
Greece,2000,-0.1146775563557938
Greece,2001,0.3950413386027023
Greece,2002,0.017459742228190578
Greece,2003,0.11253153483072964
Greece,2004,-0.05891049702962192
Greece,2005,-0.4241334279378268
Greece,2006,-0.4192401250203446
Greece,2007,0.40540682474772183
Greece,2008,0.30851542154947964
Greece,2009,0.2371758143107101
Greece,2010,0.6542576471964523
Greece,2011,-0.40675652821858677
Greece,2012,0.30167853037516146
Greece,2013,0.5052670160929384
Greece,2014,0.31725012461344626
Greece,2015,0.05078970591227261
Greece,2016,0.4104374567667666
Greece,2017,0.06532370249430386
Greece,2018,0.7219999949137375
Greece,2019,0.5983055750528976
Greece,2020,0.35338293711344626
Greece,2021,0.3822821299235013
Greece,2022,0.44291674296061245
Greece,2023,0.912231318155925
Greece,2024,1.7982968012491867
Hungary,1950,0.2264642397562664
Hungary,1951,0.4231633822123211
Hungary,1952,-0.42039492925008126
Hungary,1953,-0.5244608243306477
Hungary,1954,-1.5672798474629737
Hungary,1955,-1.169699700673421
Hungary,1956,-2.0327377637227375
Hungary,1957,-0.5646686871846516
Hungary,1958,-0.4891405423482258
Hungary,1959,-0.5392427762349445
Hungary,1960,-0.5680046399434406
Hungary,1961,-0.08591464360555001
Hungary,1962,-1.4150715192159016
Hungary,1963,-1.4113607724507649
Hungary,1964,-1.4755745251973469
Hungary,1965,-1.7409992535909016
Hungary,1966,-0.3115711530049641
Hungary,1967,-0.44900515874226876
Hungary,1968,-0.5956278165181477
Hungary,1969,-1.240709336598714
Hungary,1970,-1.1579704602559406
Hungary,1971,-0.7813663800557453
Hungary,1972,-0.6706352551778156
Hungary,1973,-0.9471531232198096
Hungary,1974,-0.33375266393025704
Hungary,1975,-0.2199325879414875
Hungary,1976,-1.0863638242085774
Hungary,1977,-0.5865059216817219
Hungary,1978,-1.6236982663472492
Hungary,1979,-0.542239220937093
Hungary,1980,-1.9907827695210774
Hungary,1981,-0.6585436185201008
Hungary,1982,-0.5813942273457862
Hungary,1983,-0.10336688359578616
Hungary,1984,-1.0946579297383625
Hungary,1985,-1.6874723752339698
Hungary,1986,-0.9055214246114094
Hungary,1987,-1.278346093495685
Hungary,1988,-0.6477413495381672
Hungary,1989,-0.14060405095418282
Hungary,1990,-0.03500274022420058
Hungary,1991,-1.15981009801229
Hungary,1992,0.17107578913370602
Hungary,1993,-0.673853905995685
Hungary,1994,0.6883744875590008
Hungary,1995,-0.43153861363729007
Hungary,1996,-1.2815742810567219
Hungary,1997,-0.7327614148457862
Hungary,1998,-0.30971721013386855
Hungary,1999,-0.1712999661763508
Hungary,2000,0.9219197909037273
Hungary,2001,-0.20044043858846194
Hungary,2002,0.33915611902872733
Hungary,2003,-0.5826788266499836
Hungary,2004,-0.8559856732686377
Hungary,2005,-1.188477547963462
Hungary,2006,-0.4605064709981299
Hungary,2007,0.6808375994364422
Hungary,2008,0.41264244715372733
Hungary,2009,0.318051306406657
Hungary,2010,-0.7781563123067219
Hungary,2011,-0.17077163060506173
Hungary,2012,0.35585114161173514
Hungary,2013,0.1410607973734539
Hungary,2014,0.9809732119242351
Hungary,2015,0.7576427141825359
Hungary,2016,0.11926457087198905
Hungary,2017,0.16518971125284843
Hungary,2018,1.1297654787699383
Hungary,2019,1.217948881785075
Hungary,2020,0.5978183428446471
Hungary,2021,0.0023688952128111396
Hungary,2022,0.9765863100687664
Hungary,2023,1.3997220675150555
Hungary,2024,2.1916913668314635
Ireland,1950,-0.729742749532063
Ireland,1951,-1.026322110493977
Ireland,1952,-0.9119822820027661
Ireland,1953,-0.24884484608968016
Ireland,1954,-0.8090026219685864
Ireland,1955,-0.6074654897054028
Ireland,1956,-0.7658002217610669
Ireland,1957,-0.12371991475423094
Ireland,1958,-0.4946057637532544
Ireland,1959,0.11106802622477296
Ireland,1960,-0.6715285619099927
Ireland,1961,-0.5047242482503247
Ireland,1962,-1.2548997243245434
Ireland,1963,-1.452082379659016
Ireland,1964,-0.47248910268147704
Ireland,1965,-1.1808612187703442
Ireland,1966,-0.6037804921468091
Ireland,1967,-0.7487723668416333
Ireland,1968,-0.6599700291951489
Ireland,1969,-0.8750274022420239
Ireland,1970,-0.5883519490559888
Ireland,1971,-0.1609809239705413
Ireland,1972,-1.0356223424275708
Ireland,1973,-0.349432690938313
Ireland,1974,-0.7487122853597015
Ireland,1975,-0.11048863728841063
Ireland,1976,-0.3849046071370452
Ireland,1977,-0.6590258916219067
Ireland,1978,-0.5489346822102839
Ireland,1979,-1.37772725423177
Ireland,1980,-0.7451007207234692
Ireland,1981,-0.5850570042928052
Ireland,1982,-0.3863971074422192
Ireland,1983,-0.07462666829426823
Ireland,1984,-0.4716260274251294
Ireland,1985,-1.1210706075032544
Ireland,1986,-1.4767453511555981
Ireland,1987,-0.7351596196492505
Ireland,1988,-0.33798764546712157
Ireland,1989,0.1161368052164704
Ireland,1990,0.11267115275065187
Ireland,1991,-0.29532407124837334
Ireland,1992,-0.45558617909749266
Ireland,1993,-0.5853278477986645
Ireland,1994,-0.2834899266560864
Ireland,1995,0.3242199579874665
Ireland,1996,-0.6354243596394848
Ireland,1997,0.5385286966959626
Ireland,1998,0.3091585795084626
Ireland,1999,0.30561472574869875
Ireland,2000,-0.1165425618489575
Ireland,2001,-0.19558785756428954
Ireland,2002,0.1915304819742829
Ireland,2003,0.3543188730875677
Ireland,2004,0.2098143259684253
Ireland,2005,0.40923525492350343
Ireland,2006,0.47439409891764406
Ireland,2007,0.5772450129191089
Ireland,2008,-0.22624562581380125
Ireland,2009,-0.24221680959065672
Ireland,2010,-1.1931063969930005
Ireland,2011,0.167411104838056
Ireland,2012,-0.06531594594319756
Ireland,2013,-0.2063729604085296
Ireland,2014,0.2927010218302417
Ireland,2015,-0.31302235921223875
Ireland,2016,-0.0033604939778655307
Ireland,2017,0.2956020991007495
Ireland,2018,0.12375761667887453
Ireland,2019,0.16284872690836671
Ireland,2020,0.08054281870524171
Ireland,2021,0.3263237635294587
Ireland,2022,0.5514300028483081
Ireland,2023,0.8908598581949878
Ireland,2024,0.4085590998331714
Italy,1950,0.07754789988199917
Italy,1951,-0.44923413594563577
Italy,1952,-0.5235978444417331
Italy,1953,-0.5187627156575516
Italy,1954,-1.1757613499959305
Italy,1955,-0.5176240285237625
Italy,1956,-1.5890389760335282
Italy,1957,-0.5276757558186844
Italy,1958,-0.7692681630452469
Italy,1959,-0.794396527608237
Italy,1960,-0.9183760960896805
Italy,1961,-0.23772157033284458
Italy,1962,-1.1977101643880204
Italy,1963,-1.1885033925374344
Italy,1964,-0.7649871190388993
Italy,1965,-1.345944531758624
Italy,1966,-0.7443696339925125
Italy,1967,-0.5771886189778641
Italy,1968,-0.9894019444783524
Italy,1969,-1.203178532918292
Italy,1970,-0.9343329747517881
Italy,1971,-0.9384919484456358
Italy,1972,-1.020728238423665
Italy,1973,-0.903555043538411
Italy,1974,-0.8882991154988602
Italy,1975,-0.7211648305257157
Italy,1976,-1.3599416097005204
Italy,1977,-0.6038705190022782
Italy,1978,-1.3468314488728836
Italy,1979,-0.9486066182454422
Italy,1980,-1.654393323262532
Italy,1981,-1.0304290135701493
Italy,1982,-0.34269536336262796
Italy,1983,-0.7043067296346024
Italy,1984,-1.4828177769978836
Italy,1985,-0.8356744130452469
Italy,1986,-0.7135020573933932
Italy,1987,-0.6175595601399717
Italy,1988,-0.277029164632161
Italy,1989,-0.4440108617146805
Italy,1990,-0.16734994252522917
Italy,1991,-1.063007481892905
Italy,1992,-0.3946296056111649
Italy,1993,-0.6119958241780612
Italy,1994,0.32905661265055386
Italy,1995,-0.8885489781697586
Italy,1996,-1.0322276433308932
Italy,1997,-0.16813863118489714
Italy,1998,-0.3012353261311844
Italy,1999,-0.16223061879475864
Italy,2000,0.312204233805339
Italy,2001,0.09595858256022183
Italy,2002,0.2677210489908859
Italy,2003,0.6327809015909835
Italy,2004,-0.14510453542073698
Italy,2005,-0.5880881627400729
Italy,2006,0.16889845530192105
Italy,2007,0.44337641398112027
Italy,2008,0.09499727884928433
Italy,2009,0.15049826304117886
Italy,2010,-0.6116324742635086
Italy,2011,0.3255346934000656
Italy,2012,0.2520931879679349
Italy,2013,-0.0329667409261063
Italy,2014,0.5893438975016281
Italy,2015,0.6747463862101242
Italy,2016,0.20558249155680386
Italy,2017,0.18848692576090542
Italy,2018,0.44379889170328823
Italy,2019,0.4757317225138351
Italy,2020,0.34899603525797573
Italy,2021,-0.023841985066733073
Italy,2022,0.8325356165568039
Italy,2023,0.8222988764444992
Italy,2024,1.0881975809733078
Latvia,1950,-1.1113654931386314
Latvia,1951,-1.2450935204823814
Latvia,1952,-1.9629513581593834
Latvia,1953,-0.9432885011037193
Latvia,1954,-1.5403482278188072
Latvia,1955,-1.7247464021046959
Latvia,1956,-2.912517960866292
Latvia,1957,-0.49723547299702986
Latvia,1958,-1.6438829263051353
Latvia,1959,-0.4104935487111412
Latvia,1960,-1.338661845525106
Latvia,1961,-0.01585262616475447
Latvia,1962,-1.758505996068319
Latvia,1963,-2.089955504735311
Latvia,1964,-1.3621713479359947
Latvia,1965,-2.058102305730184
Latvia,1966,-1.7079374154408775
Latvia,1967,-0.7103730996449791
Latvia,1968,-1.6001803239186607
Latvia,1969,-2.6738216241200767
Latvia,1970,-1.9575602372487388
Latvia,1971,-0.6547171433766685
Latvia,1972,-0.5626518090566002
Latvia,1973,-0.8146230538686119
Latvia,1974,-0.29577415784200056
Latvia,1975,0.6612480322519936
Latvia,1976,-2.5133621056874595
Latvia,1977,-1.4067046006520592
Latvia,1978,-2.15625589688619
Latvia,1979,-1.6530715783437095
Latvia,1980,-2.128153498967489
Latvia,1981,-1.0056840737660728
Latvia,1982,-0.7350775559743248
Latvia,1983,0.11837989489237444
Latvia,1984,-0.6995317300160728
Latvia,1985,-2.517593081792196
Latvia,1986,-1.2439286073048912
Latvia,1987,-2.8469454606374107
Latvia,1988,-0.6379563172658287
Latvia,1989,0.8291576544443764
Latvia,1990,0.6114266554514565
Latvia,1991,-0.04134863217671736
Latvia,1992,0.17488938967386858
Latvia,1993,-1.1111995538075767
Latvia,1994,-0.7698771317799888
Latvia,1995,-0.26116579373677595
Latvia,1996,-1.8050166924794517
Latvia,1997,-0.5345341523488365
Latvia,1998,-0.7948710282643638
Latvia,1999,0.3560875097910561
Latvia,2000,0.7119463125864662
Latvia,2001,-0.21338480313619002
Latvia,2002,0.12343341509501116
Latvia,2003,-0.527159388860067
Latvia,2004,-0.5661856492360435
Latvia,2005,-0.5418602784474693
Latvia,2006,0.2479661146799721
Latvia,2007,0.41817075411478655
Latvia,2008,0.777042214075724
Latvia,2009,-0.32965963681538923
Latvia,2010,-1.032952960332235
Latvia,2011,0.5904081503550209
Latvia,2012,-0.6226660569508873
Latvia,2013,0.1316030661265053
Latvia,2014,0.5088585058848061
Latvia,2015,0.9524868170420326
Latvia,2016,0.20155507723490373
Latvia,2017,0.01553136507670061
Latvia,2018,0.7861636320749916
Latvia,2019,1.3081734816233315
Latvia,2020,1.847565952936808
Latvia,2021,0.099727932612101
Latvia,2022,0.49274284044901506
Latvia,2023,1.0477865378061928
Latvia,2024,1.9204075972239174
Lithuania,1950,-0.813485479354858
Lithuania,1951,-0.8172539234161373
Lithuania,1952,-1.7772954463958737
Lithuania,1953,-0.7476290225982662
Lithuania,1954,-1.4337419033050525
Lithuania,1955,-1.396098947525024
Lithuania,1956,-2.718566274642944
Lithuania,1957,-0.2805832386016842
Lithuania,1958,-1.3443134784698483
Lithuania,1959,-0.28016123771667445
Lithuania,1960,-1.057712888717651
Lithuania,1961,-0.03737244606018031
Lithuania,1962,-1.6940506458282467
Lithuania,1963,-1.783282136917114
Lithuania,1964,-1.4524892330169674
Lithuania,1965,-2.1174601078033444
Lithuania,1966,-1.2165812015533444
Lithuania,1967,-0.39037499427795375
Lithuania,1968,-1.4815944194793698
Lithuania,1969,-2.6726764202117916
Lithuania,1970,-1.9113701343536373
Lithuania,1971,-0.5069807529449459
Lithuania,1972,-0.6227444171905514
Lithuania,1973,-0.8163217067718502
Lithuania,1974,-0.438053464889526
Lithuania,1975,0.6683808803558353
Lithuania,1976,-2.3899167537689205
Lithuania,1977,-1.278948640823364
Lithuania,1978,-1.9307554721832272
Lithuania,1979,-1.7464550495147702
Lithuania,1980,-2.3332365512847897
Lithuania,1981,-0.9490717411041256
Lithuania,1982,-0.6406234264373776
Lithuania,1983,0.13585867881774938
Lithuania,1984,-0.7960155963897702
Lithuania,1985,-2.517537450790405
Lithuania,1986,-1.3771079540252682
Lithuania,1987,-2.8625606060028073
Lithuania,1988,-0.7845414638519284
Lithuania,1989,0.7354275226593021
Lithuania,1990,0.6296850681304935
Lithuania,1991,-0.21490082740783656
Lithuania,1992,0.15330662727355993
Lithuania,1993,-1.0740016460418698
Lithuania,1994,-0.48497996330261195
Lithuania,1995,-0.3943370342254635
Lithuania,1996,-1.9434584140777575
Lithuania,1997,-0.649591779708862
Lithuania,1998,-0.73489556312561
Lithuania,1999,0.3490463733673099
Lithuania,2000,0.7433282375335697
Lithuania,2001,-0.19877419471740687
Lithuania,2002,0.41846194267272985
Lithuania,2003,-0.4748691082000729
Lithuania,2004,-0.5786822795867916
Lithuania,2005,-0.42412886619567747
Lithuania,2006,0.16348757743835485
Lithuania,2007,0.5385519504547123
Lithuania,2008,0.8330470561981205
Lithuania,2009,-0.25654110908508265
Lithuania,2010,-1.0556262493133541
Lithuania,2011,0.31929459571838414
Lithuania,2012,-0.6131628513336178
Lithuania,2013,-0.019920206069945934
Lithuania,2014,0.49809994697570836
Lithuania,2015,0.9188176631927494
Lithuania,2016,0.18401350975036657
Lithuania,2017,0.08414568901062047
Lithuania,2018,0.8414708614349369
Lithuania,2019,1.3750268459320072
Lithuania,2020,1.6977712154388431
Lithuania,2021,-0.11513171195983851
Lithuania,2022,0.4816857814788822
Lithuania,2023,1.2796422481536869
Lithuania,2024,2.1075803279876713
Luxembourg,1950,-0.9000109036763515
Luxembourg,1951,-0.901099046071371
Luxembourg,1952,-1.4835165341695156
Luxembourg,1953,-0.7734077771504726
Luxembourg,1954,-1.7136543591817226
Luxembourg,1955,-1.7495034535725917
Luxembourg,1956,-2.44868024190267
Luxembourg,1957,-0.9169491132100429
Luxembourg,1958,-1.213359673817953
Luxembourg,1959,0.0015575091044084388
Luxembourg,1960,-1.0095270474751796
Luxembourg,1961,-0.43716796239217004
Luxembourg,1962,-2.3204487164815273
Luxembourg,1963,-2.4641817410786953
Luxembourg,1964,-1.14070208867391
Luxembourg,1965,-1.8636754353841152
Luxembourg,1966,-0.819058259328207
Luxembourg,1967,-0.8763254483540859
Luxembourg,1968,-1.5541170438130703
Luxembourg,1969,-1.3607576688130703
Luxembourg,1970,-1.42286761601766
Luxembourg,1971,-1.124797662099203
Luxembourg,1972,-1.6641386349995937
Luxembourg,1973,-1.227078278859457
Luxembourg,1974,-0.8897779782613124
Luxembourg,1975,-0.7444494565327968
Luxembourg,1976,-0.5390489896138515
Luxembourg,1977,-1.0290516217549648
Luxembourg,1978,-1.947318871816
Luxembourg,1979,-1.873572190602621
Luxembourg,1980,-1.9121092160542812
Luxembourg,1981,-1.2790315945943203
Luxembourg,1982,-0.6419895490010585
Luxembourg,1983,-0.618475755055746
Luxembourg,1984,-1.4017122586568203
Luxembourg,1985,-2.1769903500874843
Luxembourg,1986,-1.6308115323384609
Luxembourg,1987,-1.8711951573689785
Luxembourg,1988,-0.47710212071736713
Luxembourg,1989,-0.0486276944478341
Luxembourg,1990,-0.08012755711873432
Luxembourg,1991,-0.9424827893575038
Luxembourg,1992,-0.25424750645955463
Luxembourg,1993,-0.8226202328999843
Luxembourg,1994,0.385229269663494
Luxembourg,1995,-0.07706530888875562
Luxembourg,1996,-1.830476601918539
Luxembourg,1997,-0.23031218846639057
Luxembourg,1998,-0.5704696973164864
Luxembourg,1999,0.04232517878214459
Luxembourg,2000,0.4319621721903495
Luxembourg,2001,0.16120163599650184
Luxembourg,2002,0.915380636850994
Luxembourg,2003,0.8635503451029454
Luxembourg,2004,0.08718029657999793
Luxembourg,2005,0.10370842615763287
Luxembourg,2006,0.44065300623575787
Luxembourg,2007,0.8063317934672032
Luxembourg,2008,0.1439763704935686
Luxembourg,2009,0.23775593439737897
Luxembourg,2010,-0.9648598035176601
Luxembourg,2011,0.9039413134256993
Luxembourg,2012,-0.4600666364034023
Luxembourg,2013,-0.9918125470479335
Luxembourg,2014,0.607537428538004
Luxembourg,2015,0.2476941744486485
Luxembourg,2016,-0.40212233861287494
Luxembourg,2017,-0.18996222813924213
Luxembourg,2018,0.515989462534586
Luxembourg,2019,0.10743443171183387
Luxembourg,2020,0.7346460024515764
Luxembourg,2021,-0.7045248349507656
Luxembourg,2022,0.5417300860087071
Luxembourg,2023,0.4943181673685686
Luxembourg,2024,0.827386061350504
Netherlands,1950,-0.8343853632609051
Netherlands,1951,-0.7921480814615887
Netherlands,1952,-1.440149752298991
Netherlands,1953,-0.5921215693155926
Netherlands,1954,-1.3705496470133465
Netherlands,1955,-1.530923334757487
Netherlands,1956,-2.225129572550456
Netherlands,1957,-0.5262255350748681
Netherlands,1958,-1.0021395365397119
Netherlands,1959,-0.2009691874186199
Netherlands,1960,-0.7461723963419598
Netherlands,1961,-0.5120320002237957
Netherlands,1962,-2.28223082224528
Netherlands,1963,-2.5742025057474773
Netherlands,1964,-1.296911684672036
Netherlands,1965,-1.702147928873698
Netherlands,1966,-0.974914042154948
Netherlands,1967,-0.49932905832926444
Netherlands,1968,-1.2739147822062158
Netherlands,1969,-1.2096790949503582
Netherlands,1970,-1.3083252588907879
Netherlands,1971,-0.8200926462809246
Netherlands,1972,-1.4653820673624676
Netherlands,1973,-0.9540447870890301
Netherlands,1974,-0.6717390696207683
Netherlands,1975,-0.5750269571940105
Netherlands,1976,-0.6022600809733092
Netherlands,1977,-0.7509579340616863
Netherlands,1978,-1.4559244791666668
Netherlands,1979,-1.9651417414347332
Netherlands,1980,-1.327061144510905
Netherlands,1981,-1.1176066080729168
Netherlands,1982,-0.3984932581583642
Netherlands,1983,-0.3408112208048504
Netherlands,1984,-1.08378168741862
Netherlands,1985,-1.9700178782145183
Netherlands,1986,-1.50760981241862
Netherlands,1987,-1.6881899515787762
Netherlands,1988,-0.1676897684733092
Netherlands,1989,0.1787276585896791
Netherlands,1990,0.23151734670003066
Netherlands,1991,-1.0276016871134441
Netherlands,1992,-0.03253313700358085
Netherlands,1993,-0.9123606363932293
Netherlands,1994,0.12140706380208321
Netherlands,1995,-0.13676497141520194
Netherlands,1996,-2.0339922587076824
Netherlands,1997,-0.32529207865397325
Netherlands,1998,-0.20180460611979179
Netherlands,1999,0.36503175099690743
Netherlands,2000,0.34591534932454415
Netherlands,2001,-0.14625784556070798
Netherlands,2002,0.23584225972493478
Netherlands,2003,-0.07269713083903007
Netherlands,2004,-0.1428579966227197
Netherlands,2005,0.09205010732014962
Netherlands,2006,0.6050534566243471
Netherlands,2007,0.6248727162679035
Netherlands,2008,0.011357816060383996
Netherlands,2009,-0.046099154154459754
Netherlands,2010,-1.4764036814371746
Netherlands,2011,0.3396849950154639
Netherlands,2012,-0.2683682123819988
Netherlands,2013,-0.7306294123331707
Netherlands,2014,1.1394124348958332
Netherlands,2015,0.33967164357503066
Netherlands,2016,0.17441895802815743
Netherlands,2017,0.4324403127034522
Netherlands,2018,0.8847117741902668
Netherlands,2019,0.7017970403035481
Netherlands,2020,1.1399951299031574
Netherlands,2021,-0.06155249277750663
Netherlands,2022,1.1114611943562842
Netherlands,2023,1.2485747655232746
Netherlands,2024,1.2846360524495442
Norway,1950,-0.4934258580207824
Norway,1951,-1.0703733682632446
Norway,1952,-1.7838194712996482
Norway,1953,0.4990544199943543
Norway,1954,-0.5813009858131408
Norway,1955,-1.8024606674909591
Norway,1956,-1.58075390458107
Norway,1957,-0.582749855518341
Norway,1958,-1.4840016186237335
Norway,1959,0.3132655501365662
Norway,1960,-0.6786911606788637
Norway,1961,-0.026420843601226762
Norway,1962,-1.7494091510772705
Norway,1963,-0.8690104603767395
Norway,1964,-0.48905230760574336
Norway,1965,-1.6931027144193649
Norway,1966,-2.2167218148708345
Norway,1967,-0.7124209523200988
Norway,1968,-1.6274030327796936
Norway,1969,-1.1735389351844787
Norway,1970,-1.3373869776725769
Norway,1971,-0.9930331826210022
Norway,1972,0.00475322008132939
Norway,1973,-0.8327411532402038
Norway,1974,0.22980760335922246
Norway,1975,-0.10560311079025264
Norway,1976,-1.4029498517513275
Norway,1977,-1.3023345589637756
Norway,1978,-1.689903062582016
Norway,1979,-1.6870207756757736
Norway,1980,-1.3605427265167236
Norway,1981,-2.1014221429824826
Norway,1982,-0.6671764969825744
Norway,1983,-0.6344534277915954
Norway,1984,-0.47265304327011104
Norway,1985,-2.1045774936676023
Norway,1986,-1.3973623037338256
Norway,1987,-1.812913228571415
Norway,1988,-0.7035578608512878
Norway,1989,0.5004699110984803
Norway,1990,0.7260978102684021
Norway,1991,-0.0833345770835876
Norway,1992,0.0043148875236511675
Norway,1993,-0.8626604199409484
Norway,1994,-0.6966134428977966
Norway,1995,-0.6928581118583681
Norway,1996,-1.0019602298736572
Norway,1997,-0.005949151515960649
Norway,1998,-0.7339382290840148
Norway,1999,-0.09306646585464473
Norway,2000,0.5276849150657654
Norway,2001,-0.5813012242317199
Norway,2002,0.21175740957260136
Norway,2003,0.37975691556930546
Norway,2004,0.3548259615898133
Norway,2005,0.46633003950119023
Norway,2006,0.8412198901176453
Norway,2007,0.3825724005699158
Norway,2008,0.24500106573104818
Norway,2009,-0.024013650417327614
Norway,2010,-1.7417481660842895
Norway,2011,0.8874077677726746
Norway,2012,-0.7525692105293271
Norway,2013,0.08184539079666142
Norway,2014,0.9746975779533387
Norway,2015,0.5965919375419617
Norway,2016,0.36864637136459355
Norway,2017,-0.14951373338699336
Norway,2018,0.2590203166007996
Norway,2019,-0.1266120791435239
Norway,2020,0.9644658446311951
Norway,2021,-0.25330628156661983
Norway,2022,0.47374604940414433
Norway,2023,-0.2154444575309753
Norway,2024,0.9785892844200135
Poland,1950,-0.5299512386322025
Poland,1951,-0.11748280525207555
Poland,1952,-1.393353128433228
Poland,1953,-0.27320065498352086
Poland,1954,-1.5686570644378666
Poland,1955,-1.3410398006439213
Poland,1956,-2.474295282363892
Poland,1957,-0.48387589454650914
Poland,1958,-0.953426027297974
Poland,1959,-0.32903161048889196
Poland,1960,-0.8620883464813236
Poland,1961,-0.32509388923645055
Poland,1962,-1.7365719318389896
Poland,1963,-1.7774015903472904
Poland,1964,-1.3650504589080814
Poland,1965,-1.9690615177154545
Poland,1966,-0.569369459152222
Poland,1967,0.0005620479583736682
Poland,1968,-0.859223031997681
Poland,1969,-1.994946146011353
Poland,1970,-1.6911374568939213
Poland,1971,-0.5802136898040775
Poland,1972,-0.9573785305023197
Poland,1973,-0.9104944705963138
Poland,1974,-0.521388673782349
Poland,1975,0.15399680137634242
Poland,1976,-1.6900154590606693
Poland,1977,-0.7093483448028568
Poland,1978,-1.60374608039856
Poland,1979,-1.4356595516204838
Poland,1980,-2.20817723274231
Poland,1981,-0.9523874759674076
Poland,1982,-0.3941895008087162
Poland,1983,0.23105750083923304
Poland,1984,-0.9773351192474369
Poland,1985,-1.9987040996551517
Poland,1986,-1.242976808547974
Poland,1987,-2.2473112583160404
Poland,1988,-0.4319302082061771
Poland,1989,0.6175988674163797
Poland,1990,0.46883902549743617
Poland,1991,-0.7956425189971927
Poland,1992,0.05439124107360804
Poland,1993,-0.8777047634124759
Poland,1994,0.2143281459808346
Poland,1995,-0.4865843296051029
Poland,1996,-2.189425134658814
Poland,1997,-0.88320746421814
Poland,1998,-0.48668446540832555
Poland,1999,0.18741450309753382
Poland,2000,0.7463210582733151
Poland,2001,-0.4625488758087162
Poland,2002,0.36233267784118617
Poland,2003,-0.4701992511749271
Poland,2004,-0.4825893878936771
Poland,2005,-0.47780671119689977
Poland,2006,-0.08060326576232946
Poland,2007,0.6002067089080807
Poland,2008,0.610012388229368
Poland,2009,-0.22414650917053258
Poland,2010,-1.2219602108001721
Poland,2011,0.160221433639526
Poland,2012,-0.271393442153931
Poland,2013,-0.23884072303772008
Poland,2014,0.8510097026824948
Poland,2015,1.0745261669158914
Poland,2016,0.4781831264495846
Poland,2017,0.32199988365173304
Poland,2018,1.1662629604339596
Poland,2019,1.557921743392944
Poland,2020,1.2642053127288797
Poland,2021,-0.0258614063262943
Poland,2022,0.8479245662689205
Poland,2023,1.4444640636444088
Poland,2024,2.28331503868103
Portugal,1950,-0.43820072809855404
Portugal,1951,-1.0860011736551929
Portugal,1952,-0.8356530825297046
Portugal,1953,-0.16894985834757748
Portugal,1954,-0.9540851275126148
Portugal,1955,0.20488856633504327
Portugal,1956,-1.7251594225565619
Portugal,1957,-0.859335676829021
Portugal,1958,-0.8594386736551929
Portugal,1959,-0.5955798784891773
Portugal,1960,-0.916716353098554
Portugal,1961,0.1283686002095532
Portugal,1962,-0.652304426829021
Portugal,1963,-0.984096304575603
Portugal,1964,-0.5903270403544116
Portugal,1965,-0.9777352968851734
Portugal,1966,-0.6800992647806812
Portugal,1967,-1.0314576784769685
Portugal,1968,-0.8081510225931812
Portugal,1969,-1.3436505953470874
Portugal,1970,-1.025969282786054
Portugal,1971,-1.603420035044353
Portugal,1972,-1.9094226519266773
Portugal,1973,-1.123134390513103
Portugal,1974,-1.2771508852640796
Portugal,1975,-1.2485864321390796
Portugal,1976,-1.0785424868265796
Portugal,1977,-1.103734747568767
Portugal,1978,-0.798260466257732
Portugal,1979,-0.8515527407328296
Portugal,1980,-0.8319127718607593
Portugal,1981,-0.05901314417521242
Portugal,1982,-0.6006963411966968
Portugal,1983,-0.5326392809549976
Portugal,1984,-1.1049020449320484
Portugal,1985,-0.5393932024637849
Portugal,1986,-1.0075233141581208
Portugal,1987,-0.010099188486737631
Portugal,1988,-0.6592796007792163
Portugal,1989,0.41536353429158446
Portugal,1990,0.047579034169514145
Portugal,1991,-0.4491508165995288
Portugal,1992,-0.6162059466044116
Portugal,1993,-1.330224768320722
Portugal,1994,-0.412744299570722
Portugal,1995,0.6161444028218579
Portugal,1996,-0.44376541773478273
Portugal,1997,0.6005575497945141
Portugal,1998,0.056271775563557114
Portugal,1999,-0.5095565478007007
Portugal,2000,-0.41499210993448976
Portugal,2001,-0.28428341547648195
Portugal,2002,-0.19628883997599367
Portugal,2003,0.1330540021260571
Portugal,2004,-0.17703129450480048
Portugal,2005,-0.10064675013224367
Portugal,2006,0.3708898862202954
Portugal,2007,-0.4492223421732593
Portugal,2008,-0.5798394838968939
Portugal,2009,0.27931617101033446
Portugal,2010,0.05416510899861571
Portugal,2011,0.8421099026997876
Portugal,2012,0.06283210118611571
Portugal,2013,-0.22543026606241945
Portugal,2014,0.16532061894734618
Portugal,2015,0.4809505780537915
Portugal,2016,0.3593971570332837
Portugal,2017,0.9876024564107251
Portugal,2018,0.025249703725178207
Portugal,2019,0.3186485608418792
Portugal,2020,0.8368723233540845
Portugal,2021,0.00059340794881102
Portugal,2022,0.9802172025044751
Portugal,2023,0.9003488858540845
Portugal,2024,0.7616445859273266
Romania,1950,1.1929859797159832
Romania,1951,1.2382254282633465
Romania,1952,0.743865458170573
Romania,1953,0.08849951426188163
Romania,1954,-0.9023633321126301
Romania,1955,-0.2839093526204426
Romania,1956,-1.3300633748372395
Romania,1957,0.25651404062906913
Romania,1958,0.6447243372599267
Romania,1959,-0.1658854802449543
Romania,1960,0.7227110544840496
Romania,1961,-0.4019065221150733
Romania,1962,-0.9170451482137043
Romania,1963,-1.1502890904744465
Romania,1964,-1.356161626180013
Romania,1965,-1.515700848897298
Romania,1966,-0.033534558614094934
Romania,1967,-0.6256604512532551
Romania,1968,-0.5073352177937824
Romania,1969,-1.5089927037556965
Romania,1970,-0.8811908086140949
Romania,1971,-0.8621087392171223
Romania,1972,-0.7258858998616535
Romania,1973,-1.359009297688802
Romania,1974,-0.9001527150472004
Romania,1975,-0.3563762029012043
Romania,1976,-1.8305511792500821
Romania,1977,-0.7474818547566731
Romania,1978,-1.615073235829671
Romania,1979,-0.6352734883626301
Romania,1980,-1.9261627515157063
Romania,1981,-0.8975072224934895
Romania,1982,-0.9098487218221027
Romania,1983,-0.4563222249348975
Romania,1984,-1.166159184773763
Romania,1985,-1.934899361928304
Romania,1986,-0.8148961385091145
Romania,1987,-1.46532777150472
Romania,1988,-0.9103112538655598
Romania,1989,-0.18926480611165353
Romania,1990,0.049052683512371686
Romania,1991,-1.2737613042195637
Romania,1992,-0.5718283971150733
Romania,1993,-1.1188903172810871
Romania,1994,0.6292004267374676
Romania,1995,-0.7570214589436848
Romania,1996,-1.3577590306599934
Romania,1997,-1.3219580968221027
Romania,1998,-0.6953111012776692
Romania,1999,-0.02748254140218087
Romania,2000,0.3651871363321959
Romania,2001,-0.18746808369954415
Romania,2002,0.28937193552653184
Romania,2003,-0.6189494450887043
Romania,2004,-0.4565358479817707
Romania,2005,-0.8788323720296223
Romania,2006,-0.5227341969807942
Romania,2007,0.8923363367716473
Romania,2008,0.46453997294108085
Romania,2009,0.5273623148600279
Romania,2010,-0.07487443288167306
Romania,2011,-0.33169415791829415
Romania,2012,0.4592747370402037
Romania,2013,0.4675068537394189
Romania,2014,0.6384825388590496
Romania,2015,0.9890894571940105
Romania,2016,0.47607466379801444
Romania,2017,0.48592421213785997
Romania,2018,0.9444279352823894
Romania,2019,1.4173798243204754
Romania,2020,1.1489424387613933
Romania,2021,0.23796030680338554
Romania,2022,1.0749563852945947
Romania,2023,1.8395752588907879
Romania,2024,2.3930897394816064
Serbia,1950,0.42890516916910926
Serbia,1951,0.3813921610514335
Serbia,1952,0.15782801310221295
Serbia,1953,-1.0496009190877267
Serbia,1954,-1.749287923177084
Serbia,1955,-0.9287474950154628
Serbia,1956,-2.1366179784139003
Serbia,1957,-0.6504929860432949
Serbia,1958,-0.27111562093099195
Serbia,1959,-1.1462024052937831
Serbia,1960,-0.45755608876546283
Serbia,1961,-0.3542197545369472
Serbia,1962,-1.1984780629475917
Serbia,1963,-1.0807545979817714
Serbia,1964,-1.5215810139973964
Serbia,1965,-1.3000195821126308
Serbia,1966,-0.42320855458577533
Serbia,1967,-0.9029506047566755
Serbia,1968,-0.774967511494955
Serbia,1969,-1.5674746831258144
Serbia,1970,-1.2531846364339199
Serbia,1971,-1.1747048695882167
Serbia,1972,-0.9566262563069667
Serbia,1973,-1.4891150792439785
Serbia,1974,-1.0016606648763027
Serbia,1975,-0.8464186986287441
Serbia,1976,-1.9378274281819667
Serbia,1977,-0.6642506917317714
Serbia,1978,-1.8285125096639003
Serbia,1979,-0.8092978795369472
Serbia,1980,-2.031690915425619
Serbia,1981,-1.113458951314291
Serbia,1982,-0.8378928502400704
Serbia,1983,-0.7399609883626308
Serbia,1984,-1.3958857854207345
Serbia,1985,-1.6528075536092128
Serbia,1986,-1.1892007191975917
Serbia,1987,-1.17282517751058
Serbia,1988,-0.8817380269368496
Serbia,1989,-0.7586396535237636
Serbia,1990,-0.231871922810873
Serbia,1991,-1.6443093617757167
Serbia,1992,-0.33962663014729877
Serbia,1993,-0.8340199788411464
Serbia,1994,0.5182396570841465
Serbia,1995,-0.8361666997273769
Serbia,1996,-1.3902667363484706
Serbia,1997,-1.2199414571126308
Serbia,1998,-0.5618642171223964
Serbia,1999,-0.2604850133260097
Serbia,2000,0.8093363444010411
Serbia,2001,-0.21162255605061908
Serbia,2002,0.4093157450358067
Serbia,2003,-0.3168032964070626
Serbia,2004,-0.5391305287679025
Serbia,2005,-1.2017415364583357
Serbia,2006,-0.4632685979207345
Serbia,2007,0.7104794184366856
Serbia,2008,0.606323877970377
Serbia,2009,0.3972613016764335
Serbia,2010,-0.051765759785970644
Serbia,2011,-0.2258170445760097
Serbia,2012,0.5425001780192051
Serbia,2013,0.5520807902018223
Serbia,2014,0.7604967753092442
Serbia,2015,0.7620207468668614
Serbia,2016,0.3179003397623692
Serbia,2017,0.46349493662516217
Serbia,2018,1.131155649820963
Serbia,2019,1.338366190592449
Serbia,2020,0.7778574625651036
Serbia,2021,0.3064428965250645
Serbia,2022,1.461980501810709
Serbia,2023,2.0405346552530936
Serbia,2024,2.717116991678873
Slovakia,1950,-0.03662676811218191
Slovakia,1951,0.05919651985168528
Slovakia,1952,-1.304991674423217
Slovakia,1953,-0.757917356491089
Slovakia,1954,-1.8324698925018303
Slovakia,1955,-1.7061814785003655
Slovakia,1956,-2.4154710292816155
Slovakia,1957,-0.810193967819214
Slovakia,1958,-0.9047836780548089
Slovakia,1959,-0.8228663921356194
Slovakia,1960,-0.8431043148040764
Slovakia,1961,-0.5081443309783928
Slovakia,1962,-1.8721479892730706
Slovakia,1963,-1.7324661731719964
Slovakia,1964,-1.6271123409271233
Slovakia,1965,-2.2632960796356194
Slovakia,1966,-0.5530676364898675
Slovakia,1967,-0.7081183910369866
Slovakia,1968,-1.01414532661438
Slovakia,1969,-1.5101146221160882
Slovakia,1970,-1.5341372013092034
Slovakia,1971,-1.0555872440338128
Slovakia,1972,-0.8701762676239007
Slovakia,1973,-1.2551807880401604
Slovakia,1974,-0.6290492534637444
Slovakia,1975,-0.3889388561248772
Slovakia,1976,-1.4196676731109612
Slovakia,1977,-0.8588542461395257
Slovakia,1978,-1.8901504993438714
Slovakia,1979,-0.9839024066925051
Slovakia,1980,-2.4056119441986077
Slovakia,1981,-1.0914120197296135
Slovakia,1982,-0.805111360549926
Slovakia,1983,-0.3591660976409905
Slovakia,1984,-1.3328995227813714
Slovakia,1985,-2.0619573116302483
Slovakia,1986,-1.2549852848052971
Slovakia,1987,-1.7566809177398675
Slovakia,1988,-0.9296788692474358
Slovakia,1989,-0.3718928813934319
Slovakia,1990,-0.3488339900970452
Slovakia,1991,-1.2296900272369378
Slovakia,1992,-0.1931800365447991
Slovakia,1993,-0.7821325778961175
Slovakia,1994,0.45787243843078684
Slovakia,1995,-0.6094169139862053
Slovakia,1996,-1.57975525856018
Slovakia,1997,-1.047035646438598
Slovakia,1998,-0.4119481563568108
Slovakia,1999,-0.18251986503601003
Slovakia,2000,0.5890465259552009
Slovakia,2001,-0.46761460304260183
Slovakia,2002,0.22864060401916575
Slovakia,2003,-0.38158698081970144
Slovakia,2004,-0.7619785785675051
Slovakia,2005,-0.9802817821502678
Slovakia,2006,-0.35462374687194753
Slovakia,2007,0.6247129917144765
Slovakia,2008,0.6123581409454353
Slovakia,2009,0.22397522926330637
Slovakia,2010,-0.6160091876983635
Slovakia,2011,0.05032448768615794
Slovakia,2012,0.24575810432434153
Slovakia,2013,0.18421082496643137
Slovakia,2014,1.3857088565826405
Slovakia,2015,1.0164175510406501
Slovakia,2016,0.3737297534942634
Slovakia,2017,0.1997309207916267
Slovakia,2018,1.2939186573028572
Slovakia,2019,1.323609399795533
Slovakia,2020,0.7877588748931892
Slovakia,2021,-0.05901618003845144
Slovakia,2022,1.037715959548951
Slovakia,2023,1.4551926136016853
Slovakia,2024,2.3766193866729726
Slovenia,1950,0.06559189160664936
Slovenia,1951,0.17138393719991107
Slovenia,1952,-0.8124961058298741
Slovenia,1953,-0.6606320540110264
Slovenia,1954,-1.5000085035959874
Slovenia,1955,-1.2423104445139561
Slovenia,1956,-1.8057269255320225
Slovenia,1957,-0.42901031176249127
Slovenia,1958,-0.2967251936594639
Slovenia,1959,-0.36262981096903424
Slovenia,1960,-0.5337809721628819
Slovenia,1961,-0.43997565905253033
Slovenia,1962,-2.133561531702677
Slovenia,1963,-1.7253717581431065
Slovenia,1964,-1.4909009138743077
Slovenia,1965,-1.8127111593882237
Slovenia,1966,-0.6258696715037022
Slovenia,1967,-0.752052227656046
Slovenia,1968,-1.2171439329783116
Slovenia,1969,-1.6534113089243565
Slovenia,1970,-1.4433888594309483
Slovenia,1971,-1.2717341581980381
Slovenia,1972,-1.5280255476633702
Slovenia,1973,-1.5522646109263096
Slovenia,1974,-0.8242797056833897
Slovenia,1975,-0.7236270109812413
Slovenia,1976,-1.5574187437693272
Slovenia,1977,-0.7453574339548741
Slovenia,1978,-2.065310398737589
Slovenia,1979,-1.1861638228098546
Slovenia,1980,-2.1540354887644444
Slovenia,1981,-1.1694306532541905
Slovenia,1982,-0.851030270258585
Slovenia,1983,-0.6971272627512608
Slovenia,1984,-1.7408403555552159
Slovenia,1985,-1.7323769728342686
Slovenia,1986,-1.5361141363779698
Slovenia,1987,-1.4559611479441328
Slovenia,1988,-0.7564410368601475
Slovenia,1989,-0.49251357714335064
Slovenia,1990,-0.4059151808420829
Slovenia,1991,-1.3217810789744053
Slovenia,1992,-0.007182995478309806
Slovenia,1993,-0.5805606047312413
Slovenia,1994,0.5850668748219814
Slovenia,1995,-0.7241534392038975
Slovenia,1996,-1.6733211676279698
Slovenia,1997,-0.6839865843454991
Slovenia,1998,-0.3494853178660069
Slovenia,1999,-0.28827468554178814
Slovenia,2000,0.8061962922414132
Slovenia,2001,-0.04729930559794049
Slovenia,2002,0.52337177594503
Slovenia,2003,0.10321720441182514
Slovenia,2004,-0.8094786802927647
Slovenia,2005,-1.0763901869455967
Slovenia,2006,-0.17528907457987408
Slovenia,2007,0.514597972234089
Slovenia,2008,0.27231987317403394
Slovenia,2009,0.19379432996114154
Slovenia,2010,-0.7913712660471592
Slovenia,2011,0.23406608899434644
Slovenia,2012,0.3755656083424892
Slovenia,2013,0.029758532842000918
Slovenia,2014,1.030273516972862
Slovenia,2015,0.749590953191122
Slovenia,2016,0.33423622449239154
Slovenia,2017,0.3736258347829171
Slovenia,2018,0.8479338486989327
Slovenia,2019,1.0037213166554775
Slovenia,2020,0.5512381394704171
Slovenia,2021,-0.06627265612284283
Slovenia,2022,1.1425009568532314
Slovenia,2023,1.3686323960622158
Slovenia,2024,2.2433529694875087
Spain,1950,-0.25781148274739785
Spain,1951,-1.3267039616902672
Spain,1952,-0.8455457051595054
Spain,1953,-0.5598429997762047
Spain,1954,-1.025004323323568
Spain,1955,0.13408953348795372
Spain,1956,-1.8492698033650719
Spain,1957,-0.9179429372151695
Spain,1958,-0.46398728688557966
Spain,1959,-0.5133103688557927
Spain,1960,-0.7781676610310875
Spain,1961,0.09928328196207659
Spain,1962,-0.6773566563924156
Spain,1963,-1.1668271382649742
Spain,1964,-0.46892636617024763
Spain,1965,-0.9396600087483726
Spain,1966,-0.7071027119954412
Spain,1967,-0.9411916097005211
Spain,1968,-0.6911811192830406
Spain,1969,-1.4399604161580406
Spain,1970,-0.9701957066853861
Spain,1971,-1.6752986272176091
Spain,1972,-2.004718716939289
Spain,1973,-1.3219384511311851
Spain,1974,-1.4767159779866539
Spain,1975,-1.3507060368855797
Spain,1976,-1.299481328328449
Spain,1977,-1.182433064778646
Spain,1978,-1.011417325337728
Spain,1979,-0.741717274983726
Spain,1980,-0.9601306279500328
Spain,1981,-0.23323148091634138
Spain,1982,-0.3794555028279607
Spain,1983,-0.2848128636678062
Spain,1984,-1.3554639180501287
Spain,1985,-0.41205781300862476
Spain,1986,-0.733535703023275
Spain,1987,-0.08071702321370466
Spain,1988,-0.4626225789388023
Spain,1989,0.44812018076578575
Spain,1990,0.09162050882975237
Spain,1991,-0.6657189687093101
Spain,1992,-0.7697247823079412
Spain,1993,-1.2618388493855797
Spain,1994,0.08730513254801409
Spain,1995,0.43985659281412737
Spain,1996,-0.5866050084431969
Spain,1997,0.35800844828287914
Spain,1998,-0.179829533894857
Spain,1999,-0.343830998738607
Spain,2000,-0.2687749226888023
Spain,2001,-0.05844586690266951
Spain,2002,-0.05211060841878101
Spain,2003,0.319193903605143
Spain,2004,-0.3143205006917338
Spain,2005,-0.2794570287068687
Spain,2006,0.5165100733439125
Spain,2007,-0.418873723347982
Spain,2008,-0.5441369374593101
Spain,2009,0.37270266215006487
Spain,2010,-0.46922295888265
Spain,2011,0.6251125971476217
Spain,2012,-0.0021628697713218514
Spain,2013,-0.41960805257161304
Spain,2014,0.4733219782511391
Spain,2015,0.7417431513468422
Spain,2016,0.3950739542643227
Spain,2017,0.9226971308390297
Spain,2018,0.06141478220621899
Spain,2019,0.509252611796061
Spain,2020,0.8124685923258461
Spain,2021,0.36856562296549455
Spain,2022,1.5718289057413752
Spain,2023,1.3560276667277034
Spain,2024,1.2182398478190102
Sweden,1950,-0.8098158180713653
Sweden,1951,-1.3201909601688384
Sweden,1952,-2.1780031263828277
Sweden,1953,0.40664512515068063
Sweden,1954,-0.9780248939990996
Sweden,1955,-2.2476628363132476
Sweden,1956,-2.375696176290512
Sweden,1957,-0.8424462616443633
Sweden,1958,-1.7705218136310577
Sweden,1959,0.22002369761466944
Sweden,1960,-1.1531688511371612
Sweden,1961,-0.06535475850105277
Sweden,1962,-1.9783428847789764
Sweden,1963,-1.18787162899971
Sweden,1964,-0.5990051567554477
Sweden,1965,-1.8880261719226836
Sweden,1966,-2.51733403801918
Sweden,1967,-0.8768748581409453
Sweden,1968,-1.8782885611057278
Sweden,1969,-1.7424713909626008
Sweden,1970,-1.7562468588352202
Sweden,1971,-1.1681106626987456
Sweden,1972,-0.25860636830329886
Sweden,1973,-0.7944466412067412
Sweden,1974,0.11139184832572946
Sweden,1975,0.3329110801219941
Sweden,1976,-1.683428817987442
Sweden,1977,-1.4436985790729522
Sweden,1978,-2.0459464132785796
Sweden,1979,-1.8153285324573516
Sweden,1980,-1.856464797258377
Sweden,1981,-2.0775334179401397
Sweden,1982,-0.7034632503986358
Sweden,1983,-0.5417386829853057
Sweden,1984,-0.5311893761157989
Sweden,1985,-2.9946854911744594
Sweden,1986,-1.5022749245166778
Sweden,1987,-2.32585888504982
Sweden,1988,-0.6785837948322295
Sweden,1989,0.6832504928112031
Sweden,1990,0.7523332297801972
Sweden,1991,-0.2099227249622344
Sweden,1992,0.11134535670280465
Sweden,1993,-0.8126239120960235
Sweden,1994,-0.8225111305713653
Sweden,1995,-0.7196258842945098
Sweden,1996,-1.258161598443985
Sweden,1997,0.02856881022453317
Sweden,1998,-0.8881897270679477
Sweden,1999,-0.20198171734809867
Sweden,2000,0.7106185615062715
Sweden,2001,-0.5732726395130157
Sweden,2002,0.13154513239860544
Sweden,2003,0.14327437281608546
Sweden,2004,-0.10591977238655081
Sweden,2005,0.35043341517448434
Sweden,2006,0.7119069755077363
Sweden,2007,0.39031822085380563
Sweden,2008,0.43948370814323434
Sweden,2009,-0.21690457463264456
Sweden,2010,-2.0362380683422088
Sweden,2011,0.9232519328594209
Sweden,2012,-0.7361444771289825
Sweden,2013,0.19279987215995797
Sweden,2014,1.115984982252121
Sweden,2015,0.8788543403148652
Sweden,2016,0.3270557582378393
Sweden,2017,-0.05306475758552498
Sweden,2018,0.37603694796562204
Sweden,2019,0.16792113184928903
Sweden,2020,1.635161465406418
Sweden,2021,-0.10417430996894828
Sweden,2022,0.7406054198741914
Sweden,2023,-0.049178296327590854
Sweden,2024,0.9240101039409643
Switzerland,1950,-0.6632829030354817
Switzerland,1951,-0.9548855145772297
Switzerland,1952,-1.201029332478841
Switzerland,1953,-0.7551331837972004
Switzerland,1954,-1.569540532430013
Switzerland,1955,-1.3135886510213215
Switzerland,1956,-2.4558098634084065
Switzerland,1957,-0.8964767773946125
Switzerland,1958,-0.6451859792073567
Switzerland,1959,-0.05548384984334298
Switzerland,1960,-0.9511542638142902
Switzerland,1961,0.08278271357218436
Switzerland,1962,-1.7321324666341145
Switzerland,1963,-1.7006163914998371
Switzerland,1964,-0.5144744237263996
Switzerland,1965,-1.7462597211201984
Switzerland,1966,-0.8095770200093586
Switzerland,1967,-0.6617694218953449
Switzerland,1968,-1.0445571263631184
Switzerland,1969,-1.2945065816243488
Switzerland,1970,-1.3050527890523274
Switzerland,1971,-0.7427273114522297
Switzerland,1972,-1.1868930180867512
Switzerland,1973,-1.2042088826497395
Switzerland,1974,-0.9624162038167317
Switzerland,1975,-0.6965842564900715
Switzerland,1976,-0.8541117032368977
Switzerland,1977,-0.7867222150166828
Switzerland,1978,-1.470037015279134
Switzerland,1979,-1.1878013928731281
Switzerland,1980,-1.8480077107747395
Switzerland,1981,-1.2467289288838703
Switzerland,1982,-0.5219908078511555
Switzerland,1983,-0.38790992101033517
Switzerland,1984,-1.6722517331441242
Switzerland,1985,-1.410400899251302
Switzerland,1986,-1.1723032315572102
Switzerland,1987,-1.0954585393269856
Switzerland,1988,-0.38922074635823556
Switzerland,1989,0.10759684244791679
Switzerland,1990,-0.10528758366902657
Switzerland,1991,-0.779487641652425
Switzerland,1992,-0.09783223470052071
Switzerland,1993,-0.5621614774068195
Switzerland,1994,0.6225089708964031
Switzerland,1995,-0.5808668454488117
Switzerland,1996,-1.1792784055074055
Switzerland,1997,0.09047218958536796
Switzerland,1998,-0.34245446523030587
Switzerland,1999,-0.37162736256917306
Switzerland,2000,0.2132978121439617
Switzerland,2001,-0.34835627873738595
Switzerland,2002,0.23086973826090595
Switzerland,2003,0.4444408098856609
Switzerland,2004,-0.4134731610616047
Switzerland,2005,-0.7031078656514484
Switzerland,2006,0.21110531489054374
Switzerland,2007,0.30500742594401054
Switzerland,2008,-0.13953927357991525
Switzerland,2009,0.027892557779948035
Switzerland,2010,-1.11983159383138
Switzerland,2011,0.847810713450114
Switzerland,2012,-0.011282952626546106
Switzerland,2013,-0.5546799023946125
Switzerland,2014,0.6230559031168621
Switzerland,2015,0.8122267405192058
Switzerland,2016,0.19360586802164725
Switzerland,2017,0.2864012400309246
Switzerland,2018,0.9149145762125652
Switzerland,2019,0.5138182322184246
Switzerland,2020,0.8665513674418133
Switzerland,2021,-0.35940650304158517
Switzerland,2022,1.4241237322489422
Switzerland,2023,1.2284607569376629
Switzerland,2024,1.1344155947367351
Ukraine,1950,-1.1416276137034096
Ukraine,1951,-0.6975043455759682
Ukraine,1952,-1.1618793646494545
Ukraine,1953,-1.5904958883921303
Ukraine,1954,-1.879459206263224
Ukraine,1955,-1.0658457914988198
Ukraine,1956,-2.83740169207255
Ukraine,1957,-0.5259183088938393
Ukraine,1958,-1.0614064375559487
Ukraine,1959,-1.3595889250437416
Ukraine,1960,-0.590934101740519
Ukraine,1961,-0.563350979487101
Ukraine,1962,-0.7886536757151283
Ukraine,1963,-1.7470138708750405
Ukraine,1964,-1.7309196631113686
Ukraine,1965,-2.0422738234202065
Ukraine,1966,0.2231041749318443
Ukraine,1967,-0.7534030119578041
Ukraine,1968,-1.039225880304972
Ukraine,1969,-2.340544048945109
Ukraine,1970,-0.9817875067392983
Ukraine,1971,-0.9042208830515541
Ukraine,1972,-0.7888177076975502
Ukraine,1973,-1.3677867094675698
Ukraine,1974,-0.7436259428660073
Ukraine,1975,0.44674366315205916
Ukraine,1976,-2.5497749487559
Ukraine,1977,-1.2908061186472573
Ukraine,1978,-1.9156430403391518
Ukraine,1979,-0.9072449843088783
Ukraine,1980,-2.3134654204050698
Ukraine,1981,-0.3841326872507729
Ukraine,1982,-0.9230750242869057
Ukraine,1983,-0.12298041979471819
Ukraine,1984,-1.226113144556681
Ukraine,1985,-2.559219662348429
Ukraine,1986,-1.0991056601206468
Ukraine,1987,-3.04739457766215
Ukraine,1988,-1.3636849562327065
Ukraine,1989,0.4658696015675883
Ukraine,1990,0.2282168229421
Ukraine,1991,-0.7893498579661049
Ukraine,1992,-0.741517368952433
Ukraine,1993,-1.6754873434702553
Ukraine,1994,-0.3739426771799721
Ukraine,1995,-0.4606469313303627
Ukraine,1996,-1.618038479487101
Ukraine,1997,-1.5397494475046791
Ukraine,1998,-0.6709788481394448
Ukraine,1999,0.40267055829365894
Ukraine,2000,0.16301887830098494
Ukraine,2001,-0.21536380449930803
Ukraine,2002,0.23439758618672712
Ukraine,2003,-0.8923199812571205
Ukraine,2004,-0.30928641955057756
Ukraine,2005,-0.17490131060282366
Ukraine,2006,-0.6097977797190346
Ukraine,2007,1.0340897401173912
Ukraine,2008,0.4755303223927818
Ukraine,2009,0.3519169648488347
Ukraine,2010,0.39089840253194197
Ukraine,2011,-0.2120335737864174
Ukraine,2012,0.2545487244923912
Ukraine,2013,0.5656353791554771
Ukraine,2014,0.4061610062917076
Ukraine,2015,1.1053988297780357
Ukraine,2016,0.43533294995626015
Ukraine,2017,0.7160507996877037
Ukraine,2018,0.6439148743947349
Ukraine,2019,1.480305369695028
Ukraine,2020,1.6235434373219793
Ukraine,2021,0.37391537030537947
Ukraine,2022,1.0121485551198308
Ukraine,2023,2.037007029851278
Ukraine,2024,2.7245365937550883
United Kingdom,1950,-0.6153756141662594
United Kingdom,1951,-0.8194180488586422
United Kingdom,1952,-0.9540520668029782
United Kingdom,1953,-0.037923908233640446
United Kingdom,1954,-0.8910561561584469
United Kingdom,1955,-0.7420769691467282
United Kingdom,1956,-1.067910289764404
United Kingdom,1957,-0.1282645225524881
United Kingdom,1958,-0.7035313606262203
United Kingdom,1959,0.27449407577514684
United Kingdom,1960,-0.5948353767395016
United Kingdom,1961,-0.4634448051452633
United Kingdom,1962,-1.555898284912109
United Kingdom,1963,-1.7129598617553707
United Kingdom,1964,-0.8138810157775875
United Kingdom,1965,-1.4000187873840328
United Kingdom,1966,-0.9346858024597164
United Kingdom,1967,-0.6526576042175289
United Kingdom,1968,-0.9817095756530758
United Kingdom,1969,-1.0136347770690914
United Kingdom,1970,-0.802625751495361
United Kingdom,1971,-0.38596639633178675
United Kingdom,1972,-1.0161772727966305
United Kingdom,1973,-0.7124978065490719
United Kingdom,1974,-0.7533532142639157
United Kingdom,1975,-0.3537589073181149
United Kingdom,1976,-0.4031668663024899
United Kingdom,1977,-0.8879290580749508
United Kingdom,1978,-0.9231616020202633
United Kingdom,1979,-1.567645168304443
United Kingdom,1980,-0.8822041511535641
United Kingdom,1981,-1.0489703178405758
United Kingdom,1982,-0.47551736831665004
United Kingdom,1983,-0.31446561813354457
United Kingdom,1984,-0.5787592887878414
United Kingdom,1985,-1.3632112503051754
United Kingdom,1986,-1.4751273155212399
United Kingdom,1987,-1.146700000762939
United Kingdom,1988,-0.4141579627990719
United Kingdom,1989,0.08589067459106481
United Kingdom,1990,0.21658983230590856
United Kingdom,1991,-0.6056433677673336
United Kingdom,1992,-0.472979640960693
United Kingdom,1993,-0.8484345436096188
United Kingdom,1994,-0.26184759140014613
United Kingdom,1995,0.018412494659422407
United Kingdom,1996,-0.9616766929626461
United Kingdom,1997,0.2691058158874515
United Kingdom,1998,0.0027808189392093396
United Kingdom,1999,0.20609464645385955
United Kingdom,2000,-0.06368074417114045
United Kingdom,2001,-0.36004362106323207
United Kingdom,2002,0.2819365501403812
United Kingdom,2003,0.328172588348389
United Kingdom,2004,0.25676527023315465
United Kingdom,2005,0.2814749717712406
United Kingdom,2006,0.6130541801452623
United Kingdom,2007,0.46878423690795934
United Kingdom,2008,-0.09241113662719691
United Kingdom,2009,0.06261053085327184
United Kingdom,2010,-1.1569882392883297
United Kingdom,2011,0.49765386581420934
United Kingdom,2012,-0.3937998771667477
United Kingdom,2013,-0.3385334968566891
United Kingdom,2014,0.7480753898620609
United Kingdom,2015,0.052162075042724965
United Kingdom,2016,0.16064348220825053
United Kingdom,2017,0.3791646003723148
United Kingdom,2018,0.2848166465759263
United Kingdom,2019,0.19833650588989293
United Kingdom,2020,0.4459942817687992
United Kingdom,2021,0.09065523147583043
United Kingdom,2022,0.8970755577087406
United Kingdom,2023,0.8298472404479984
United Kingdom,2024,0.6420859336853031
